ts,x,y,z,label
2025-09-17 12:55:30.796545,0.0031718643492256227,0.06429049586168525,0.9729183832512269,live
2025-09-17 12:55:30.847491,0.14877645618214766,-0.061168393459799755,1.0449589749678194,live
2025-09-17 12:55:30.897453,0.188292771330987,0.04164567556958194,1.1413318033092619,live
2025-09-17 12:55:30.927652,-0.07060023249646356,-0.08742135596206745,1.0494133449920762,live
2025-09-17 12:55:30.947370,-0.0035780335798952243,-0.08856955315621291,0.9580479829246862,live
2025-09-17 12:55:30.956191,0.10405682445514433,0.002181749721258485,1.1466098597912457,live
2025-09-17 12:55:30.997280,-0.03055813554930814,-0.014568876478507055,1.1505770237580666,live
2025-09-17 12:55:31.048191,0.14277291982719706,-0.019262476526137513,0.9647844887794861,live
2025-09-17 12:55:31.097860,-0.14144955243601273,0.12387315907940535,1.0042764598410598,live
2025-09-17 12:55:31.148381,-0.086355439446221,-0.018869028220761513,0.9659855472227938,live
2025-09-17 12:55:31.198389,0.08156531458458545,0.11052644141107613,0.8488679908031213,live
2025-09-17 12:55:31.247359,0.07431354682761543,-0.05657750988709118,0.9229508599042247,live
2025-09-17 12:55:31.297858,-0.036101961234003895,0.12799545656517125,1.1714348520726172,live
2025-09-17 12:55:31.347263,0.049221591396210185,0.03561991094213425,1.1060091885837804,live
2025-09-17 12:55:31.398653,0.13572909778051753,0.028660529383037276,0.8046850646504251,live
2025-09-17 12:55:31.447798,0.11644427063814,0.014295595358897068,1.0029963061512814,live
2025-09-17 12:55:31.497403,-0.07529500006176418,0.1564568720797195,1.0363043068929516,live
2025-09-17 12:55:31.547681,-0.06410416395208432,-0.06130526178219602,1.01945035412824,live
2025-09-17 12:55:31.627439,0.0019016112701747323,-0.10056262590524263,0.9896954291922925,live
2025-09-17 12:55:31.652431,0.08814430071585054,0.10045022714295292,0.9941758702670516,live
2025-09-17 12:55:31.698118,-0.04622430128902866,0.1625062147470456,1.1563969002618761,live
2025-09-17 12:55:31.747841,-0.12924890437349934,0.11542663228260026,1.0682901937697455,live
2025-09-17 12:55:31.798442,0.0746000971832471,-0.046418965302313125,0.9427111573114442,live
2025-09-17 12:55:31.847598,0.04565009125988509,0.09640628438665515,0.885635063581629,live
2025-09-17 12:55:31.898729,-0.038292240665825594,0.003566670853316252,1.1373560871373993,live
2025-09-17 12:55:31.947681,0.12164664456641568,-0.049140414457830975,0.9973172655613968,live
2025-09-17 12:55:31.998059,-0.09076791057406958,0.1289072859879062,0.9738569212458144,live
2025-09-17 12:55:32.048511,-0.05700989609823031,0.039248912350518514,0.9918817546503441,live
2025-09-17 12:55:32.097393,-0.19707768560389327,-0.13731740594774827,1.0042395251555836,live
2025-09-17 12:55:32.148197,-0.05276647540518567,0.03199397466427975,0.9548318880533911,live
2025-09-17 12:55:32.197425,-0.07270988622350998,0.10256129185228091,1.0976995849773452,live
2025-09-17 12:55:32.247848,0.04649156978517296,0.028820278284297403,0.8896064377682653,live
2025-09-17 12:55:32.298130,0.03839340466526802,-0.01839629224070794,0.8750927012327105,live
2025-09-17 12:55:32.348130,0.0846411484121164,0.07835219756092132,1.1265995828198245,live
2025-09-17 12:55:32.397590,0.14977459104724422,-0.17462940289226728,1.115263484167526,live
2025-09-17 12:55:32.447631,-0.17999127264749934,-0.19760217215761958,0.9744540195244532,live
2025-09-17 12:55:32.497353,0.009654826258285641,0.10606975319006667,0.8719275928688909,live
2025-09-17 12:55:32.547340,0.00028073632509634304,0.013970402496528088,1.1468056418359722,live
2025-09-17 12:55:32.598007,0.06401548965088298,0.019760277008200742,1.025605351683294,live
2025-09-17 12:55:32.648355,-0.06058368539348146,-0.09956895008199249,0.9929535047493764,live
2025-09-17 12:55:32.697541,-0.06134380765431609,-0.07003170481530656,0.9578731353537117,live
2025-09-17 12:55:32.747757,-0.047493064249224316,-0.09322021241169931,1.078049036133337,live
2025-09-17 12:55:32.798553,-0.08933815107716778,0.08124701294500924,0.9795797157273906,live
2025-09-17 12:55:32.847511,-0.0055304524903751415,-0.08812410754795891,0.9449705552747256,live
2025-09-17 12:55:32.897219,0.0016209788667358009,0.022555230592528425,1.0216189452935713,live
2025-09-17 12:55:32.928106,0.05120329376366413,0.016499660783496583,0.9998723045321669,live
2025-09-17 12:55:32.946618,0.03064946695113892,0.09790300351516705,1.0318842425052561,live
2025-09-17 12:55:32.955351,-0.07469180278464349,0.09741414878804616,0.9010117232843163,live
2025-09-17 12:55:32.998396,-0.0679793064430649,-0.027070407069848014,1.0313566268597691,live
2025-09-17 12:55:33.049381,0.17714010042463726,-0.014121410465058357,1.150758705788097,live
2025-09-17 12:55:33.097937,0.02402592870942991,0.11048177021136865,0.9407732237812219,live
2025-09-17 12:55:33.148985,0.019419155267973987,0.03376809495402613,0.9365447408615001,live
2025-09-17 12:55:33.198076,0.02517281635074721,0.04973163470318252,0.8658491596515994,live
2025-09-17 12:55:33.247923,0.08795194639798742,-0.08075085790110227,0.9983236751931731,live
2025-09-17 12:55:33.298875,-0.07010079516813349,-0.03329829376453041,0.8961898052633392,live
2025-09-17 12:55:33.348181,0.0008179743328552999,0.09774089470310818,0.9034749862985887,live
2025-09-17 12:55:33.397907,-0.022323846598477,-0.1676758236791926,1.150622403303655,live
2025-09-17 12:55:33.447840,-0.05975773128249811,0.0830261790219576,0.9139494815786007,live
2025-09-17 12:55:33.496588,0.054297800195320024,0.06674517615662262,0.9733501309563657,live
2025-09-17 12:55:33.548017,-0.055764118399777,0.03659416997613225,0.9788382672868138,live
2025-09-17 12:55:33.597536,0.1877147420208175,-0.009284177983426503,0.9640664595711005,live
2025-09-17 12:55:33.647146,-0.030386147023853612,0.08762551378266784,0.9443743958959946,live
2025-09-17 12:55:33.698048,0.10498364355312573,0.053746191787861414,0.899512280088035,live
2025-09-17 12:55:33.748345,-0.06335129001082875,0.000987724818941248,0.8646678672246436,live
2025-09-17 12:55:33.797638,-0.03326667973541028,-0.013488305900520737,1.0677587349796918,live
2025-09-17 12:55:33.848619,0.008306130992394502,-0.04908647744121258,1.0385535884316552,live
2025-09-17 12:55:33.898419,0.04785904480074238,0.06299062512595305,0.9395279007524795,live
2025-09-17 12:55:33.947297,0.17796713833851008,0.03711158743553838,1.086772749008215,live
2025-09-17 12:55:33.997838,-0.00561163586833539,0.09922136086644068,1.0058595530130792,live
2025-09-17 12:55:34.048503,0.053288042505812976,-0.04484869087915583,0.8500791206325604,live
2025-09-17 12:55:34.098114,0.09118751612040571,0.19205495450425478,1.0698059980072463,live
2025-09-17 12:55:34.148350,0.05200739138819667,-0.03253859354136937,1.0458024189166297,live
2025-09-17 12:55:34.197855,0.04279112960604508,0.013958575520784156,0.9033381197731144,live
2025-09-17 12:55:34.247499,-0.0890714408494167,0.01095379212134048,0.9368051773611268,live
2025-09-17 12:55:34.297390,0.09849357734789677,-0.04458801570697182,0.972771862739994,live
2025-09-17 12:55:34.346928,0.03229215761896514,-0.04620670060485227,0.9217546305735937,live
2025-09-17 12:55:34.397473,-0.051419938993281594,-0.16643873730268588,1.008352531368212,live
2025-09-17 12:55:34.446318,0.0038344336449585327,-0.13906447724755963,1.1024039019805685,live
2025-09-17 12:55:34.497898,-0.03835059504895494,0.12846241409513068,0.9784854876022515,live
2025-09-17 12:55:34.547368,0.042231287529504474,0.03296470518126654,1.0999455624359493,live
2025-09-17 12:55:34.597513,0.0037434380561740125,-0.00890320854090442,0.9916601833716668,live
2025-09-17 12:55:34.647728,-0.09094986767299465,-0.1878782591242464,1.0428775671347132,live
2025-09-17 12:55:34.698040,-0.06437193580855731,-0.07922931364929413,0.9916131871384762,live
2025-09-17 12:55:34.747519,-0.2176725137190459,-0.2709762293144523,1.0361323285708826,live
2025-09-17 12:55:34.798013,0.03523741084411635,0.02346549419303011,1.0458601234177372,live
2025-09-17 12:55:34.847834,-0.02807661661068019,0.0580298304674928,1.0013926449774784,live
2025-09-17 12:55:34.897505,-0.004158422812681041,-0.05009392262098004,0.9689890931575351,live
2025-09-17 12:55:34.927541,-0.12022266426154436,0.08818373776178463,0.9851094679037539,live
2025-09-17 12:55:34.947544,-0.022072550643317368,0.02505367436346761,0.940709046086472,live
2025-09-17 12:55:34.953390,0.03721574361803572,-0.12936263321834715,0.9285659375254147,live
2025-09-17 12:55:34.997917,-0.33935873211430434,-0.018326362526316312,1.0622377524240258,live
2025-09-17 12:55:35.048001,-0.2573278392431521,-0.15790716183793607,1.042531039910189,live
2025-09-17 12:55:35.098007,-0.17868674721592198,0.09747647040879988,0.9147592616457335,live
2025-09-17 12:55:35.148192,0.10961489426744592,0.0005554300714205733,0.9604544907934559,live
2025-09-17 12:55:35.197942,0.09423175967515135,-0.025531098773986124,1.0600431449237921,live
2025-09-17 12:55:35.248143,-0.11831690132166797,-0.13644196466474687,1.0915114379480686,live
2025-09-17 12:55:35.297026,0.06312170122997067,0.07429423441097133,1.1295926097142535,live
2025-09-17 12:55:35.347564,-0.013531729870143023,-0.16037014531607882,0.9203689184355617,live
2025-09-17 12:55:35.397443,-0.07559146501990438,-0.17861638981978403,1.0144157469580615,live
2025-09-17 12:55:35.447499,0.1475201103586175,-0.005011033446461043,0.9339284768774587,live
2025-09-17 12:55:35.497514,-0.11513547333005686,-0.2441527528665286,0.9864574153725634,live
2025-09-17 12:55:35.547315,0.04476250215723779,-0.09227041672802509,1.0521767840934428,live
2025-09-17 12:55:35.598109,0.08206199571493059,0.07671364413462035,1.0137394248944098,live
2025-09-17 12:55:35.649123,-0.15634936497654434,-0.009266135004741988,1.062531278983158,live
2025-09-17 12:55:35.697297,0.05218279056204148,0.03729787661528336,0.9168952726082972,live
2025-09-17 12:55:35.747320,0.24770259011112938,0.1238027631333252,1.099459202852706,live
2025-09-17 12:55:35.797660,-0.09636446963692064,-0.06144929811351818,1.0434758663309234,live
2025-09-17 12:55:35.847889,-0.007366427150070242,-0.019664935695516347,0.8210438381237053,live
2025-09-17 12:55:35.899045,-0.1978185736486885,-0.10290003102422157,0.9968714717366528,live
2025-09-17 12:55:35.947446,0.06747885917192063,-0.044192314803829125,1.0132310250656318,live
2025-09-17 12:55:35.999174,-0.07047872516748781,-0.11362089092780625,0.9513061884703831,live
2025-09-17 12:55:36.047982,0.05498553310017711,-0.016043475718575236,0.9937040135474049,live
2025-09-17 12:55:36.097289,-0.006642663420376238,-0.0729204150883797,0.9780716212970013,live
2025-09-17 12:55:36.148006,0.003620834528331811,-0.0639474608523523,1.1501679713739454,live
2025-09-17 12:55:36.197525,-0.11423034649535586,0.23270821407502826,0.9564085700696487,live
2025-09-17 12:55:36.249160,0.09601756807306222,0.04457528609184962,1.1425224020482687,live
2025-09-17 12:55:36.297489,-0.019823659654612857,0.06862456210861433,0.9157022523327276,live
2025-09-17 12:55:36.348472,-0.24259246996495293,-0.20300201276733995,0.8416230913448556,live
2025-09-17 12:55:36.397313,0.2070445624925133,-0.04456252261871543,0.8312821945567749,live
2025-09-17 12:55:36.448975,0.15701209165812732,0.03101649056749794,1.0871748555587266,live
2025-09-17 12:55:36.499016,-0.0397960620056922,0.013978325742860766,0.9510410573462158,live
2025-09-17 12:55:36.547409,0.060314110225470265,0.07451918016478891,0.9958061785685011,live
2025-09-17 12:55:36.599177,-0.07630332970410854,-0.09098634936689537,1.0713676698376622,live
2025-09-17 12:55:36.649038,-0.05222501252663441,0.14001741316017774,1.1125401056714597,live
2025-09-17 12:55:36.698415,-0.24774515222697416,-0.07115105073570822,0.9790142232653771,live
2025-09-17 12:55:36.747474,-0.05236633277610314,-0.09983729853459793,1.074412280206843,live
2025-09-17 12:55:36.797469,-0.1303654507256696,-0.060957442056325445,1.062689153966651,live
2025-09-17 12:55:36.848252,-0.044154649343825784,0.02149375991566596,0.8489469449931945,live
2025-09-17 12:55:36.898263,0.0552532270017206,0.10632487077529751,0.9632423443603322,live
2025-09-17 12:55:36.927249,0.1049024774816558,-0.04762551031173351,0.9075638893197969,live
2025-09-17 12:55:36.947805,0.2683666590238865,-0.0795189225489174,1.006054261644342,live
2025-09-17 12:55:36.957549,-0.14752945910304585,-0.04205337018835818,0.9962308956367291,live
2025-09-17 12:55:36.997446,-0.0038878282834393153,-0.09590902848623167,0.9633410500486417,live
2025-09-17 12:55:37.049203,0.1312855021618796,0.06647664025035,1.0527647431713472,live
2025-09-17 12:55:37.098581,0.0007803864316022057,0.10408162914462736,1.056633543651336,live
2025-09-17 12:55:37.147403,0.04104515069829936,-0.10600005056995127,0.9884356167007313,live
2025-09-17 12:55:37.198235,0.023634807198549018,-0.10069487942455893,0.931111692028938,live
2025-09-17 12:55:37.246831,-0.18172671221266373,0.04008124841422895,1.022607188331945,live
2025-09-17 12:55:37.299130,0.04028056043721634,-0.07780126867247765,1.006200058850645,live
2025-09-17 12:55:37.347568,0.10961668398089362,0.16577864523458108,1.0207719401402389,live
2025-09-17 12:55:37.399316,0.05067250075111304,-0.18170253452627705,0.9701374706170417,live
2025-09-17 12:55:37.447729,0.027154551511293135,-0.0775380572285696,1.0008985411486968,live
2025-09-17 12:55:37.497599,0.13634274089640283,0.003479846184546902,1.0832521447603463,live
2025-09-17 12:55:37.547674,-0.04964861901011845,0.002699190881208593,1.0402389505951488,live
2025-09-17 12:55:37.599292,0.13740192030856838,0.11081479901016465,1.053617584410165,live
2025-09-17 12:55:37.647636,-0.12326101844304463,0.09132685159983425,0.8841744286997989,live
2025-09-17 12:55:37.698152,-0.1305518724388574,0.11097807582421058,1.0853177277447186,live
2025-09-17 12:55:37.747451,0.10369630081453174,-0.05198762339609786,1.01823681592342,live
2025-09-17 12:55:37.797808,0.04085568918460156,0.01402357012763578,0.8753342979292624,live
2025-09-17 12:55:37.846894,0.058631799950238185,0.15405254795037568,1.0668756911886,live
2025-09-17 12:55:37.897762,0.07660303888482978,0.059971700937282484,0.7861037142607904,live
2025-09-17 12:55:37.947657,0.07884965262009938,-0.05825228424679218,0.9357327202627167,live
2025-09-17 12:55:37.997238,-0.04741169418032249,-0.11870163749087406,0.9573624152201416,live
2025-09-17 12:55:38.047331,-0.10818445631989514,-0.011168072492495955,1.209229171909366,live
2025-09-17 12:55:38.097600,0.10174194074167911,-0.0914036385973019,1.0588273246467435,live
2025-09-17 12:55:38.147721,0.07469003790651468,0.0010313995765669308,1.050706210220044,live
2025-09-17 12:55:38.197791,0.08772430969802306,-0.014177512593443797,1.099605121060249,live
2025-09-17 12:55:38.247504,0.00075770134080945,0.03895667995380333,1.0293671441244845,live
2025-09-17 12:55:38.297430,-0.03408559590281772,-0.12014224908738905,0.9756405920812495,live
2025-09-17 12:55:38.347241,-0.2296533258291513,0.12957285672665003,1.041079710502295,live
2025-09-17 12:55:38.397727,-0.18885237520899467,0.04089811305954039,0.9195787566751485,live
2025-09-17 12:55:38.448068,0.011823992835038022,-0.17177959843199067,1.0680034142162926,live
2025-09-17 12:55:38.497654,-0.08902662641702708,-0.09753772276262847,1.0446472744427586,live
2025-09-17 12:55:38.547741,0.027946949234720325,0.15282285500988296,0.9324371764080608,live
2025-09-17 12:55:38.598437,-0.0742380246343922,-0.06671398948426573,0.8638500424518072,live
2025-09-17 12:55:38.647768,0.08798910293805601,0.017838629489489142,1.0877154223070695,live
2025-09-17 12:55:38.698623,-0.05208018276435137,0.10694057168188507,0.9357815168068101,live
2025-09-17 12:55:38.747659,-0.009283899444329188,0.05280528286624986,0.9793036957016003,live
2025-09-17 12:55:38.797749,-0.07714380223101147,-0.0721366177137828,0.7886945569209748,live
2025-09-17 12:55:38.848360,-0.015618445908874283,0.04277892120143234,0.9480406942776354,live
2025-09-17 12:55:38.897557,-0.09801075413932624,0.12010582648657303,0.9340772424067705,live
2025-09-17 12:55:38.927095,-0.1219817982652338,0.10627839791914542,1.0857732045690942,live
2025-09-17 12:55:38.947702,0.08264883877623058,-0.0756406076824121,1.0016475633137298,live
2025-09-17 12:55:38.958143,0.09478795976606426,0.1415971701983165,0.9346392041801408,live
2025-09-17 12:55:38.997590,-0.03107106397781509,-0.04731450220660669,0.9272244591078781,live
2025-09-17 12:55:39.048653,0.12465217704091487,0.07148960226939154,0.994712794644543,live
2025-09-17 12:55:39.098253,-0.023430080491734447,-0.061788645404002134,0.9021519876803719,live
2025-09-17 12:55:39.147385,0.06627652922805921,0.09124294428039803,1.0636596689158673,live
2025-09-17 12:55:39.197445,0.13553491705440143,0.12082033298806752,0.9524343783314477,live
2025-09-17 12:55:39.247400,0.050072612678932975,-0.08792699531128935,0.8978057090235254,live
2025-09-17 12:55:39.297864,-0.13677755289407864,0.23861750006419757,0.8204756131380309,live
2025-09-17 12:55:39.348789,-0.14014996459939183,0.03674595070415306,0.9014244696665379,live
2025-09-17 12:55:39.398210,-0.12576114691192805,-0.0573742938854969,0.8536652323137268,live
2025-09-17 12:55:39.447719,-0.0023473608621499996,-0.09728697144866115,0.9226423748575416,live
2025-09-17 12:55:39.499151,0.01640863589557686,0.17925516419610923,0.8730445447859897,live
2025-09-17 12:55:39.548167,-0.10071887793103247,-0.03464661184972115,0.8838095019790587,live
2025-09-17 12:55:39.596886,-0.06404749121051803,0.12517300198714004,1.0952725771264922,live
2025-09-17 12:55:39.647165,0.09105821332005617,-0.052053167547762694,0.8369848207966923,live
2025-09-17 12:55:39.697304,-0.021410859340939604,0.06703625850471158,0.9507580577889713,live
2025-09-17 12:55:39.747681,0.11944948594206349,0.04320729183498756,1.0399218349889876,live
2025-09-17 12:55:39.798019,0.06876757802998518,0.03300991691548737,0.9517723409874949,live
2025-09-17 12:55:39.848633,-0.273392757215306,0.09911145904056512,1.020963721546502,live
2025-09-17 12:55:39.897175,0.031003271968513692,-0.04711121219261982,1.1066430624225405,live
2025-09-17 12:55:39.948210,-0.06788475426554434,0.11157207018295807,0.9653487957398772,live
2025-09-17 12:55:39.997464,0.02091946465851919,0.004399991102875719,1.0103027362328785,live
2025-09-17 12:55:40.047462,-0.05791697153803402,-0.05565852041757777,0.8991562582481718,live
2025-09-17 12:55:40.097464,-0.11280495442351486,-0.2887652940408107,1.0167736134346486,live
2025-09-17 12:55:40.147852,-0.06486935902236989,-0.0010405374992394942,1.1113217072590176,live
2025-09-17 12:55:40.198074,-0.13387975597491597,0.12515329710775325,1.0126030150320742,live
2025-09-17 12:55:40.247529,-0.029442557533159636,-0.24718779368665678,1.0755739786838798,live
2025-09-17 12:55:40.297323,0.09560063011759588,-0.08806630930032427,0.9314523541310027,live
2025-09-17 12:55:40.348873,-0.05503037923627353,-0.0015140519440546326,0.9973609585726264,live
2025-09-17 12:55:40.397433,0.1536007982167104,0.027463478955402906,0.8882969589341752,live
2025-09-17 12:55:40.448638,0.14658376569979234,0.1177610228109768,0.9254281843590435,live
2025-09-17 12:55:40.497699,-0.02376980756886682,0.11318371445606379,1.1204796923288787,live
2025-09-17 12:55:40.548219,-0.23081864352551645,-0.034415085190637545,1.1774392231801298,live
2025-09-17 12:55:40.597908,0.12872193746690191,0.0967041403335329,0.9783074873493504,live
2025-09-17 12:55:40.648307,0.15631770765439412,0.029548729594048712,1.0122491323329816,live
2025-09-17 12:55:40.698157,0.032835440441647705,0.046995790798899956,1.05264955034031,live
2025-09-17 12:55:40.747803,0.01808094962194452,-0.06942809958248729,1.1532279436531416,live
2025-09-17 12:55:40.797512,0.005878707348622806,0.02326477948579922,1.065583638719395,live
2025-09-17 12:55:40.848833,0.1378776191431072,0.16794980029795362,1.048522156194114,live
2025-09-17 12:55:40.897675,0.08973517693966782,0.059892058687300034,1.154011180064073,live
2025-09-17 12:55:40.927383,-0.10769728603193054,-0.1305602197554588,1.0462951829865894,live
2025-09-17 12:55:40.947347,0.08696950539323316,0.031196226053456944,0.9643557734408977,live
2025-09-17 12:55:40.956640,0.03788847424504033,-0.06406601638730007,1.007446581678249,live
2025-09-17 12:55:40.998238,-0.05624943354029408,-0.05152865407044312,1.1131758178038138,live
2025-09-17 12:55:41.048462,-0.02892725475753964,-0.17010250201037647,1.021392149347474,live
2025-09-17 12:55:41.098311,-0.08892235462767047,0.21163159039937743,0.9887850583133931,live
2025-09-17 12:55:41.148036,0.05298300932467812,-0.04870646863725262,1.0445012492276424,live
2025-09-17 12:55:41.197160,0.033388638460649454,-0.06725090839656393,1.114136414377515,live
2025-09-17 12:55:41.247128,-0.08429315060853076,-0.08247164450001775,0.976580161744345,live
2025-09-17 12:55:41.299433,-0.012770731373344169,-0.10265731376302796,1.2050362241861323,live
2025-09-17 12:55:41.347287,0.09058396810575775,0.022044513742200834,1.0799424444777972,live
2025-09-17 12:55:41.398001,0.010238328823716768,0.03139636870101005,1.0279953937585484,live
2025-09-17 12:55:41.448379,0.03293632373876141,0.10126640265596415,1.0267771670852006,live
2025-09-17 12:55:41.497793,0.1403205166131468,0.04465438284663751,1.0364841330081338,live
2025-09-17 12:55:41.547808,-0.14259175392906465,-0.012103830168605199,0.8197172850904892,live
2025-09-17 12:55:41.597754,0.09233695221575765,0.02434011397499819,0.9973140827301302,live
2025-09-17 12:55:41.648140,-0.0745848790029309,0.22885211522033766,0.9933217044619469,live
2025-09-17 12:55:41.697115,0.08463207520218377,0.07824184973330085,0.7934354257239267,live
2025-09-17 12:55:41.747711,0.020795845430557666,0.0670389941427902,0.9918676109253032,live
2025-09-17 12:55:41.798276,-0.028731557746809955,-0.14230806341891927,1.1442510804740378,live
2025-09-17 12:55:41.848380,-0.06211129477573457,0.16251618483732688,1.044428688902271,live
2025-09-17 12:55:41.897927,0.11240450854161972,-0.19211933687338323,1.1222322121795727,live
2025-09-17 12:55:41.946686,0.1024597057951813,0.15798987643725815,1.222885517428133,live
2025-09-17 12:55:41.997619,-0.0867501600322822,-0.08735562782433007,1.0822865211709676,live
2025-09-17 12:55:42.047464,0.05369919647443216,0.10606579011519682,1.0112864923267222,live
2025-09-17 12:55:42.098537,0.022682178461506587,0.05559750836666554,1.0231594201432974,live
2025-09-17 12:55:42.147446,0.12034427763724348,-0.219737429331869,1.2164240349496194,live
2025-09-17 12:55:42.198306,-0.02477222788176315,-0.042374794666147575,1.1558052909878256,live
2025-09-17 12:55:42.248556,0.09208500391443308,0.17745246516456553,1.0307098629974583,live
2025-09-17 12:55:42.297269,0.05222589786674736,-0.02496235698578167,1.153365490195093,live
2025-09-17 12:55:42.348636,-0.1630910600335762,-0.1956520128572043,0.92661810343712,live
2025-09-17 12:55:42.398467,0.15092062235262088,-0.002631498124175531,1.1447364249400902,live
2025-09-17 12:55:42.447132,-0.09206397478006458,0.12165953002004935,1.1478814086328968,live
2025-09-17 12:55:42.498014,0.02922303808310413,-0.10532326021337889,1.0548451415150524,live
2025-09-17 12:55:42.548514,-0.04974657916780944,-0.0539091615462713,1.0671099462257896,live
2025-09-17 12:55:42.597714,-0.11661517506396268,-0.18212306050870036,0.8808795829415822,live
2025-09-17 12:55:42.648619,-0.09327036212913761,-0.12748606802315285,1.17856625811357,live
2025-09-17 12:55:42.697735,-0.06096580855421624,0.019235786290383874,0.8964800599726886,live
2025-09-17 12:55:42.748225,0.08488358717450974,-0.0914344332097135,0.9600473908939862,live
2025-09-17 12:55:42.797569,-0.0063354201351068316,0.017201229756702907,1.065275006535639,live
2025-09-17 12:55:42.848420,0.09843919591490727,-0.010895813163864738,1.1392545651627821,live
2025-09-17 12:55:42.897720,0.03571515850996157,0.013516282334855812,0.9067548337717792,live
2025-09-17 12:55:42.927490,-0.10400804173917394,-0.0010109268646932333,1.014155699105258,live
2025-09-17 12:55:42.948272,0.13792550762145472,0.039500071658286215,0.921509758101158,live
2025-09-17 12:55:42.958890,-0.1153333256769993,-0.07566267694725376,1.0855870902346585,live
2025-09-17 12:55:42.997821,-0.09630959605550117,-0.012900591872500157,1.0048493118637531,live
2025-09-17 12:55:43.047015,0.09103034461924336,-0.1266783962495468,0.934127388993157,live
2025-09-17 12:55:43.097657,0.17569252085462403,-0.06917673404983037,1.1925252360317307,live
2025-09-17 12:55:43.148650,0.029945896090642424,-0.07001429981665401,1.0084741987393542,live
2025-09-17 12:55:43.198596,0.05587347997666148,-0.03086435730135122,0.7813434077877132,live
2025-09-17 12:55:43.247380,0.19522985156588024,0.10359848901285476,0.7799740203308957,live
2025-09-17 12:55:43.297720,-0.041972473001859516,0.14283615392729157,1.097190871792944,live
2025-09-17 12:55:43.347500,-0.11884229275709764,-0.0883436905566698,0.9539452751054285,live
2025-09-17 12:55:43.397078,-0.11661982181240152,-0.1037747713897793,1.0116391214951201,live
2025-09-17 12:55:43.448300,0.12713608310548227,-0.15338338505660953,0.9524521665652547,live
2025-09-17 12:55:43.497561,-0.0016108308723388302,-0.023437710334702707,1.2263393119705397,live
2025-09-17 12:55:43.547425,0.0022971295850988762,0.1540495866739225,0.9824987676409912,live
2025-09-17 12:55:43.598330,0.18686337825689292,-0.129636587967747,0.9356774982224486,live
2025-09-17 12:55:43.648252,-0.13623905286920832,-0.027925743715695513,1.0811700559369941,live
2025-09-17 12:55:43.697971,0.06787565685804874,-0.09439456254151019,1.0687021670213195,live
2025-09-17 12:55:43.747628,0.08433796760771739,0.04408587230945016,1.01648252981273,live
2025-09-17 12:55:43.798395,-0.021304888625650168,-0.15184813685131068,1.0689451387640565,live
2025-09-17 12:55:43.848129,-0.0883326424415447,0.14857176462012237,0.9750403490352219,live
2025-09-17 12:55:43.897349,0.07709275779462393,0.14035941849790845,0.9148185719707728,live
2025-09-17 12:55:43.947664,0.02646075746466077,-0.04082545525912847,0.9652223497355455,live
2025-09-17 12:55:43.997732,0.028423519574946605,-0.1636324524793755,0.8353839124798731,live
2025-09-17 12:55:44.048115,-0.16905783348707193,-0.12841281379898958,0.9758237796876271,live
2025-09-17 12:55:44.097988,0.28574931503264234,0.04719979669486496,1.0687778120967097,live
2025-09-17 12:55:44.147718,0.13699174058832636,0.02577841600382265,1.0202112449720921,live
2025-09-17 12:55:44.197999,-0.03383684627263361,-0.040851554175892923,1.0025159076081058,live
2025-09-17 12:55:44.248060,-0.03347592878191029,0.09805666958586624,1.1352864845453685,live
2025-09-17 12:55:44.297918,-0.05033076158883812,-0.035347615374221,0.8971231361867635,live
2025-09-17 12:55:44.347867,0.1586344728824385,-0.04358993080716113,1.083296516577929,live
2025-09-17 12:55:44.397638,0.057096519425773075,-0.011242517579894655,1.0074769347041919,live
2025-09-17 12:55:44.448415,0.0330645233705126,0.15928731029101953,1.0582279808920407,live
2025-09-17 12:55:44.496678,-0.2047060046689053,0.10212812037860451,0.9613288246587282,live
2025-09-17 12:55:44.548993,-0.05708228634888697,-0.053082519434484124,0.8295618858098464,live
2025-09-17 12:55:44.598785,0.025449432084553143,0.03920348927651414,0.9186685400140123,live
2025-09-17 12:55:44.647819,0.06979494128854934,-0.13458449396871539,0.9720961651845177,live
2025-09-17 12:55:44.697828,0.04415734072428837,0.040474973723188194,0.9868583053325977,live
2025-09-17 12:55:44.747681,0.05764885081383134,0.0419484225172308,0.9446968511038198,live
2025-09-17 12:55:44.798737,-0.13853203293016128,0.15828972792518814,0.9640615035063537,live
2025-09-17 12:55:44.847724,0.05105335450944867,-0.06871265810411276,0.933359892767854,live
2025-09-17 12:55:44.897729,-0.07441517911240526,0.0556068438824599,1.0708500638761116,live
2025-09-17 12:55:44.927049,0.11105327591479008,0.11122608543116606,1.205666527044837,live
2025-09-17 12:55:44.948128,-0.06219442689363796,0.119879189949032,0.8591352247604958,live
2025-09-17 12:55:44.953021,-0.08148401044724488,-0.027913229891339753,1.0791739964477916,live
2025-09-17 12:55:44.997950,0.0005210425688860868,-0.11747797619106062,1.147519620637765,live
2025-09-17 12:55:45.047948,-0.08285000703719315,-0.05933029725061523,1.0290222850779425,live
2025-09-17 12:55:45.097609,-0.12158341811684842,0.03794640447071882,0.953691628130204,live
2025-09-17 12:55:45.147820,-0.1802193779742839,-0.06049181245102686,1.0845373222515582,live
2025-09-17 12:55:45.199038,-0.03115010079725197,0.11496653314830606,0.7887799332166542,live
2025-09-17 12:55:45.247791,-0.059065611068219205,0.10713392141787191,0.9967294773948101,live
2025-09-17 12:55:45.298937,-0.18515500010048427,-0.10724649634106016,0.9479495983968778,live
2025-09-17 12:55:45.348022,0.10497914284926822,-0.014919071224971884,0.9131868951515761,live
2025-09-17 12:55:45.397639,-0.18456059304050051,-0.0740626015904451,1.0305424345983285,live
2025-09-17 12:55:45.447897,-0.011857382490151046,-0.15762380284888414,1.0363170853623715,live
2025-09-17 12:55:45.497026,-0.19789158605357846,-0.11053113821551003,1.0244348089575883,live
2025-09-17 12:55:45.548029,-0.027960823187429373,-0.10063450607733533,1.1018352151137953,live
2025-09-17 12:55:45.598356,-0.02096473894298094,0.05015344187883569,1.0897166563265017,live
2025-09-17 12:55:45.648020,-0.0012762846477809614,-0.007457570841320095,0.9998556849486803,live
2025-09-17 12:55:45.698942,0.0732226022019656,-0.07548180437321678,0.9011613254158758,live
2025-09-17 12:55:45.747687,0.09529607532913065,-0.022818329998539284,0.979281483433065,live
2025-09-17 12:55:45.797930,-0.003994141100773049,-0.030808370991629638,1.0254643652356183,live
2025-09-17 12:55:45.848250,-0.15062465543245848,-0.00970098798326036,1.0063957646496184,live
2025-09-17 12:55:45.897786,0.09489611084002138,-0.029532096591805352,0.825582115015878,live
2025-09-17 12:55:45.949246,-0.007915716134942593,0.05625169016892717,0.8956891799151555,live
2025-09-17 12:55:45.997507,0.08208871242741557,0.016549835004189935,0.8525827450336798,live
2025-09-17 12:55:46.048191,0.08404885785646543,-0.09560598358207094,1.1732877106329234,live
2025-09-17 12:55:46.097873,-0.040900525620494135,-0.043359629271675686,0.9624589382048787,live
2025-09-17 12:55:46.147813,-0.04503153900105031,-0.024467003195306845,1.04159189702639,live
2025-09-17 12:55:46.197188,0.018338213814839934,-0.18233424794942063,0.9425640940657684,live
2025-09-17 12:55:46.256308,-0.02319153746848902,0.06534556324719101,0.8540943631522766,live
2025-09-17 12:55:46.298087,-0.017957638164049914,0.18435183668561017,1.2036862163917057,live
2025-09-17 12:55:46.348305,-0.026949564464676935,0.07735563442169202,1.087095279899137,live
2025-09-17 12:55:46.397512,0.01024746176098353,0.25003906202635656,1.1668105938184163,live
2025-09-17 12:55:46.448187,0.11478570923893508,-0.07801645014962343,0.994355464639128,live
2025-09-17 12:55:46.498783,0.08502539426346073,-0.11250854332740967,0.9819764200343354,live
2025-09-17 12:55:46.547419,0.04156780061697232,-0.11315275959553828,0.784903084566547,live
2025-09-17 12:55:46.597425,-0.027020595973681928,0.16523158259275647,0.9311031586152345,live
2025-09-17 12:55:46.648774,-0.027431305461952965,0.08628280425926416,0.9917541046069341,live
2025-09-17 12:55:46.697743,0.24254994148618195,-0.1819540140920076,1.016924286047062,live
2025-09-17 12:55:46.747478,0.11655655689648517,-0.06913802681541921,0.8899014102397653,live
2025-09-17 12:55:46.798948,-0.09470004178571821,-0.09749615611272021,0.8740782977682648,live
2025-09-17 12:55:46.848807,-0.10980114580060561,-0.08439129181805886,1.0376218175139773,live
2025-09-17 12:55:46.897644,0.21216607009590682,-0.07791187548410619,0.9171101312418011,live
2025-09-17 12:55:46.928096,-0.10703958467912154,-0.028609691004330785,1.0452400917559033,live
2025-09-17 12:55:46.947225,-0.03126658505289836,-0.14194832250357453,0.9770463359619953,live
2025-09-17 12:55:46.956273,0.047461702309429414,0.15353352856148694,1.0067709161753313,live
2025-09-17 12:55:46.997644,0.03973473190506821,0.017415308489392343,0.9168931048345619,live
2025-09-17 12:55:47.047925,-0.14541986918848207,-0.16443495044824438,1.0449706051248036,live
2025-09-17 12:55:47.097999,0.0590835908374858,0.05725622626512594,0.9422689388765209,live
2025-09-17 12:55:47.148118,-0.04609492162923659,-0.020144534284413734,1.0104834443422863,live
2025-09-17 12:55:47.197545,-0.15339630303321794,-0.042259075596828316,1.030030584364233,live
2025-09-17 12:55:47.247236,-0.014288523371263304,-0.03944613961815908,0.9288305495854868,live
2025-09-17 12:55:47.298169,0.08815928723984941,-0.002607172562972415,1.0017100518675153,live
2025-09-17 12:55:47.348616,-0.14198705590822044,0.11685226373901575,1.0871519665672105,live
2025-09-17 12:55:47.397537,0.20689802631663257,-0.15057820649655212,1.1794047826889658,live
2025-09-17 12:55:47.448116,0.07312116003898002,-0.0752534912776809,1.0885059790087754,live
2025-09-17 12:55:47.497675,0.011334526747222524,-0.06733358415037642,1.2637432778480497,live
2025-09-17 12:55:47.548445,-0.16487795299524569,-0.10204513314597206,1.1271910367752858,live
2025-09-17 12:55:47.599243,0.008979232861626637,0.015864751407167,0.994363733810328,live
2025-09-17 12:55:47.648602,0.01746317469617117,-0.08338140510001732,0.9953195647899374,live
2025-09-17 12:55:47.697949,0.10145978753534618,0.0642137515679098,0.7808773416555342,live
2025-09-17 12:55:47.747633,-0.06417400695800694,-0.06639700501863732,1.0438743925453464,live
2025-09-17 12:55:47.797577,0.10902648382506122,0.025119716123376497,0.9170646436060303,live
2025-09-17 12:55:47.847733,0.031076394284352157,0.09436214138730481,1.0209862046705103,live
2025-09-17 12:55:47.897428,0.2292504785679741,0.21374262191579563,1.0227947676580966,live
2025-09-17 12:55:47.947409,0.021621605288996412,0.026768057106141836,1.0922697727250614,live
2025-09-17 12:55:47.998099,-0.10601043603599516,0.0361152041514671,1.19015554473326,live
2025-09-17 12:55:48.047502,0.0026612846920648927,-0.16388721531161013,1.061561181994883,live
2025-09-17 12:55:48.097672,0.14629894002201263,-0.004314705434039122,1.1940329772971894,live
2025-09-17 12:55:48.148136,0.0365466539242753,-0.17834263817456752,1.12630986678056,live
2025-09-17 12:55:48.197281,-0.07126282868769285,0.03700937310458376,1.0229745177253642,live
2025-09-17 12:55:48.247170,0.09250060744401839,0.14874128731592048,1.1088914454745913,live
2025-09-17 12:55:48.297739,-0.015689967971172652,0.19849456110918373,1.0541620674965066,live
2025-09-17 12:55:48.347308,0.18633823810320005,-0.06690356166637722,1.1596219091346658,live
2025-09-17 12:55:48.397421,-0.119978765835206,0.14497351794750227,0.9426086436612905,live
2025-09-17 12:55:48.447398,-0.014005755562647292,-0.03469775942117164,1.0082098985082688,live
2025-09-17 12:55:48.498175,-0.11699323960841515,0.07504495001948384,1.0367332629795656,live
2025-09-17 12:55:48.547458,0.03981295168834262,-0.11874584403898616,0.9148044278815299,live
2025-09-17 12:55:48.597981,0.0425928653311806,-0.08959907582643982,0.9018246248893291,live
2025-09-17 12:55:48.647332,-0.18632649302910387,-0.08721500987203235,0.9382684513960869,live
2025-09-17 12:55:48.697890,0.12075555769479887,0.01590611078724094,1.0459057611023572,live
2025-09-17 12:55:48.747645,0.09460728082544645,0.06053419068996895,1.0074298216088924,live
2025-09-17 12:55:48.797402,0.02834396213968778,0.18128518278839112,0.9871885808046512,live
2025-09-17 12:55:48.847654,-0.019643509183224033,-0.14327003615106645,0.8586788913702047,live
2025-09-17 12:55:48.897530,-0.08814499283971801,0.09942582787142276,1.0228866954004483,live
2025-09-17 12:55:48.927961,-0.13036631680592492,-0.08809693676252627,1.1504102088540011,live
2025-09-17 12:55:48.947184,0.021462773219846243,0.07474196273894379,0.9953096036124381,live
2025-09-17 12:55:48.956358,0.06563634111887326,-0.0805785569769762,1.1168402073260326,live
2025-09-17 12:55:48.998008,-0.059907318694056945,0.031420410559358465,0.8734990723817642,live
2025-09-17 12:55:49.048243,0.15583186574718516,-0.02679511230471329,0.9255880443747961,live
2025-09-17 12:55:49.098023,-0.026267599418293004,-0.06979288768362833,0.8903892692681837,live
2025-09-17 12:55:49.147886,-0.028593001137866038,-0.03152407792100733,0.8869078863363792,live
2025-09-17 12:55:49.197532,0.12832649902023607,0.002192096750012759,1.148533479957998,live
2025-09-17 12:55:49.247291,0.09239708363015592,-0.05887487475847735,0.8552605481117747,live
2025-09-17 12:55:49.297922,0.13626005951813,0.08338994044024238,1.0116120282826395,live
2025-09-17 12:55:49.349245,0.11263145965458864,-0.06812877081317321,1.1320648108587124,live
2025-09-17 12:55:49.398293,0.0360580754794189,0.05668924057833711,0.993963502631831,live
2025-09-17 12:55:49.447387,0.06003486760111864,0.18921777619535057,1.106416748615799,live
2025-09-17 12:55:49.497940,0.11155685649431724,0.008745896926672601,1.0024131402070584,live
2025-09-17 12:55:49.547842,-0.04542371988738257,-0.1149876207239432,1.0074722982076945,live
2025-09-17 12:55:49.597436,-0.059468769471139916,-0.04418054471171998,0.9968714009459345,live
2025-09-17 12:55:49.648308,-0.11521347071586892,0.05555690133432237,0.8670493053176849,live
2025-09-17 12:55:49.698492,0.08748372808393871,-0.1346892901804204,1.086555678152015,live
2025-09-17 12:55:49.747670,0.22682718083255377,0.015034240044051975,1.0284712704183885,live
2025-09-17 12:55:49.797765,-0.05522330694823177,-0.002600876051907052,1.0619153408760702,live
2025-09-17 12:55:49.848070,-0.05873823314903154,-0.14559983314491387,0.9824801965869883,live
2025-09-17 12:55:49.897106,-0.041781073958929625,-0.19441111795634383,1.08848145023088,live
2025-09-17 12:55:49.947541,0.07529710956264901,0.028561262072393657,0.8287892322657018,live
2025-09-17 12:55:49.998235,0.16826908535917703,0.11920164957993457,0.9025829782766892,live
2025-09-17 12:55:50.047523,-0.05854895983627705,0.008667285121875168,0.9750050639073345,live
2025-09-17 12:55:50.097874,-0.01402909938057148,0.05336940749546276,1.2122447854246188,live
2025-09-17 12:55:50.148116,-0.22496764379500742,-0.01453957144651235,0.9906178753502035,live
2025-09-17 12:55:50.198918,0.02801235864063938,-0.13859512269452487,0.9402816916075211,live
2025-09-17 12:55:50.247906,-0.00421336372508528,-0.007083915396865402,1.044738002086338,live
2025-09-17 12:55:50.297280,0.049613949757918586,0.01397993007353713,1.045613550661451,live
2025-09-17 12:55:50.347197,-0.13825918122356962,0.06706075077654111,0.9764840746426953,live
2025-09-17 12:55:50.399491,-0.0313484409820877,-0.03207289985771752,0.8499653215897236,live
2025-09-17 12:55:50.448905,0.005258309657781668,0.006693130784428664,1.0258071057786373,live
2025-09-17 12:55:50.498704,0.21745819369749675,-0.017854050185730674,1.0874827260043052,live
2025-09-17 12:55:50.547992,-0.1385665946146585,-0.06027918846405388,1.0103280859917219,live
2025-09-17 12:55:50.598899,-0.03792522391882289,-0.13764366779204162,0.9289746448680424,live
2025-09-17 12:55:50.648007,0.0008857983774298863,0.10688599997532229,0.9427467146848738,live
2025-09-17 12:55:50.698290,0.012831041482275866,0.11718222909849463,1.0019571087843924,live
2025-09-17 12:55:50.748031,-0.030925630370621817,-0.06254956893252878,0.9349072169860864,live
2025-09-17 12:55:50.797996,0.13923130321258675,0.20754796667333367,0.9481456442413674,live
2025-09-17 12:55:50.848255,-0.1283254058189411,-0.35982152766837605,0.8754513060915814,live
2025-09-17 12:55:50.898420,-0.033928060151799375,0.02335641280677131,0.9175969549239933,live
2025-09-17 12:55:50.928118,0.07230345163468373,-0.06925489669655914,0.9225580780896485,live
2025-09-17 12:55:50.948225,0.052244498668840414,0.014665975251906022,1.0420081319238568,live
2025-09-17 12:55:50.956336,0.03291138378551324,0.19100386884513296,1.0118454787394695,live
2025-09-17 12:55:50.998221,-0.059059944732459374,-0.08859759962153303,0.9725082369632345,live
2025-09-17 12:55:51.048848,-0.1395123609498505,-0.034179838990858045,0.9397967803080765,live
2025-09-17 12:55:51.099011,0.07531536049391462,0.10697092741768673,1.1149559376916136,live
2025-09-17 12:55:51.148542,0.10299099241641232,0.06881007200746445,0.9420746511509794,live
2025-09-17 12:55:51.197589,-0.030857012355572058,-0.03412021152600672,1.0049181384284753,live
2025-09-17 12:55:51.247471,0.07679716881753396,-0.09835649583001027,0.9229700324390392,live
2025-09-17 12:55:51.298223,-0.10804581055253025,-0.2664620266078906,1.0380785962251982,live
2025-09-17 12:55:51.347951,-0.08029417258632532,-0.1563865114960344,0.9008910050010912,live
2025-09-17 12:55:51.397177,0.16217810932627408,0.0926664207281904,0.9477384068100729,live
2025-09-17 12:55:51.446941,0.23174073395319572,0.0697580851914678,0.9673870230624144,live
2025-09-17 12:55:51.498398,-0.02975854133332259,0.21816873304622555,0.8591197154847141,live
2025-09-17 12:55:51.547127,-0.08206633806140332,-0.08640161190830324,1.034726150052049,live
2025-09-17 12:55:51.597820,-0.055068017565870986,0.01187584443776204,1.0271390227898087,live
2025-09-17 12:55:51.647464,-0.01990566596841391,-0.17545332523718224,1.0115967411481552,live
2025-09-17 12:55:51.697937,-0.01804614752511596,0.04855439791297124,1.1483640461641427,live
2025-09-17 12:55:51.747758,0.1192613995247937,-0.11037894770430867,1.0681892612739678,live
2025-09-17 12:55:51.797300,-0.20359703001057566,-0.12353677222398718,1.0343815457747838,live
2025-09-17 12:55:51.847312,-0.08182563051950896,0.059090035722145384,0.9394023072450763,live
2025-09-17 12:55:51.898150,-0.052259779790980114,0.14469621432894111,0.9438625698696282,live
2025-09-17 12:55:51.948282,0.06522494975883945,0.07564843304855828,1.034569843042156,live
2025-09-17 12:55:51.997166,-0.036289936961911594,0.07943809768203891,0.9653810595291706,live
2025-09-17 12:55:52.048585,-0.1146066644987768,-0.14782311069375695,0.9899467351281126,live
2025-09-17 12:55:52.098044,-0.07670411615295267,0.06034862618298323,1.1370774879819123,live
2025-09-17 12:55:52.148298,-0.1562939976162675,-0.16329107151799688,0.8642618194806551,live
2025-09-17 12:55:52.198535,-3.962450264350526e-06,0.28192127259683636,0.8736884847925978,live
2025-09-17 12:55:52.248475,0.019469753041858374,0.04130431034502151,1.0609878247941424,live
2025-09-17 12:55:52.297501,-0.05863440798601527,-0.04036284582370149,0.8735353763199273,live
2025-09-17 12:55:52.347421,0.052974428689587995,0.08645370103972053,0.9709633787335227,live
2025-09-17 12:55:52.398515,-0.13623932054679885,-0.02327876888712861,0.885358294883066,live
2025-09-17 12:55:52.447456,0.008894836108840164,0.16612712984101075,0.9993827010199189,live
2025-09-17 12:55:52.498151,0.16358751772510682,-0.0036106267139165214,1.0760887328147903,live
2025-09-17 12:55:52.548056,-0.0006516308657843933,0.04471155299151433,1.0628684761084148,live
2025-09-17 12:55:52.599267,0.04487204282058132,0.07497720153749671,1.0140442755761234,live
2025-09-17 12:55:52.647563,-0.17768751089802445,-0.040734281464093886,0.8088824712469203,live
2025-09-17 12:55:52.697525,-0.035331557518189685,-0.07200593664201269,1.0672987894710482,live
2025-09-17 12:55:52.748669,0.04757763837713486,0.04692548293701291,1.0549038989021182,live
2025-09-17 12:55:52.797706,0.07287159888129734,-0.08270753367853709,1.065795658362342,live
2025-09-17 12:55:52.847537,0.08619960086541528,0.11595930261863663,0.93043528687173,live
2025-09-17 12:55:52.898459,-0.10513824092488624,0.15358810292300099,1.142752879463137,live
2025-09-17 12:55:52.928072,0.045686998299495324,0.04532086818252064,0.9422486756920738,live
2025-09-17 12:55:52.947863,0.02135995344858566,0.22210418479119048,0.8828014371717807,live
2025-09-17 12:55:52.953012,-0.08988802382467859,-0.10898391633335502,0.9603507517604573,live
2025-09-17 12:55:52.997513,-0.06888737640094014,0.01952285866162747,0.9685020573667721,live
2025-09-17 12:55:53.048263,0.03237100873008144,0.09140460781279205,1.000369299795294,live
2025-09-17 12:55:53.097275,-0.2575044247425609,-0.048188905867789546,0.9090666080217048,live
2025-09-17 12:55:53.148273,0.02332355467923483,0.19046196275716556,0.9086881175420227,live
2025-09-17 12:55:53.197766,0.05852568166691349,-0.25743432545959977,1.0552901113243622,live
2025-09-17 12:55:53.248337,-0.020225291458737738,0.11594628308868156,1.0711615502864695,live
2025-09-17 12:55:53.298248,0.05315310288879648,-0.16324637940405076,0.968653705094114,live
2025-09-17 12:55:53.348232,0.03356654325375507,0.11291552426005946,1.0454778440417782,live
2025-09-17 12:55:53.396622,0.0123022912741872,-0.12824708512906113,0.9550059454477664,live
2025-09-17 12:55:53.447212,-0.11173423347404153,-0.011008780325761996,0.9571242832032731,live
2025-09-17 12:55:53.498057,0.03292160131364107,0.03188970788651144,1.1334677068541978,live
2025-09-17 12:55:53.548463,-0.03945546293369506,0.02115163598213666,1.0459528211330973,live
2025-09-17 12:55:53.597503,0.06518352702580905,-0.14339618576437646,1.0050164573359581,live
2025-09-17 12:55:53.648391,0.05360139715710721,-0.06439498262226932,0.91959506085209,live
2025-09-17 12:55:53.698506,0.054184561399600754,0.13610389909187942,0.8758057343399189,live
2025-09-17 12:55:53.747486,-0.07689373217789251,0.09048040888183295,0.9897290859069642,live
2025-09-17 12:55:53.798635,0.02457030631119611,-0.061205829971236414,0.9683104801414599,live
2025-09-17 12:55:53.848111,0.14700220051853347,-0.040166218330905216,0.8336767123862389,live
2025-09-17 12:55:53.898507,-0.13180257150306005,0.04762815278884081,0.9760033734570587,live
2025-09-17 12:55:53.948128,0.18629306394620077,0.10378499348059321,0.8918054846113134,live
2025-09-17 12:55:53.998247,0.01773153149158592,0.08102304222073647,0.9888362560651817,live
2025-09-17 12:55:54.048300,0.06509886198190108,-0.1203531964427544,0.8771304706810219,live
2025-09-17 12:55:54.097109,0.1169387650882406,-0.162818074813018,0.9688047347082958,live
2025-09-17 12:55:54.148500,-0.026782131930237114,-0.01015807274342543,0.8306436015241744,live
2025-09-17 12:55:54.197333,0.015214431062093898,0.0959499343712788,1.0148182728967836,live
2025-09-17 12:55:54.248253,0.08201190022059722,0.020708707467565517,1.1449487312460673,live
2025-09-17 12:55:54.298770,-0.08286536308884165,-0.12248425640429086,1.005720359436793,live
2025-09-17 12:55:54.347708,-0.06091726295192088,-0.003335937441811073,1.1181574197780189,live
2025-09-17 12:55:54.399182,0.08668175709783651,-0.13848644589267378,1.044496762529912,live
2025-09-17 12:55:54.448050,-0.02345557092604492,0.1449875369436988,1.1652175050450837,live
2025-09-17 12:55:54.498005,0.058287939588882946,0.1014717987942728,1.0896068967830665,live
2025-09-17 12:55:54.548141,-0.22151099859475473,-0.12311117274160222,1.0563575872573303,live
2025-09-17 12:55:54.598474,0.04964083380025092,0.026527839352831914,1.0771821083900606,live
2025-09-17 12:55:54.647581,-0.10426554250251935,-0.1837588240609062,0.9963960662829021,live
2025-09-17 12:55:54.697648,0.07329888646175296,0.15365801181602973,1.0828917895217391,live
2025-09-17 12:55:54.748271,-0.0018793835155282695,-0.044481759994410744,0.9563563240763444,live
2025-09-17 12:55:54.798214,0.09572928078623424,0.022866118979291375,0.8407499633728606,live
2025-09-17 12:55:54.847249,-0.09137516868827383,-0.11340114587427337,1.1449460070604456,live
2025-09-17 12:55:54.898157,-0.04086232168920037,-0.010610412841164334,1.1181646561659981,live
2025-09-17 12:55:54.928377,-0.05203014694907249,-0.13091856788158082,1.0057586305997437,live
2025-09-17 12:55:54.948387,0.07991891742856606,0.06340385957504062,1.0207843142049278,live
2025-09-17 12:55:54.956780,-0.026979920328512846,0.0970045670059167,1.076802363478059,live
2025-09-17 12:55:54.997403,0.07602078289041218,0.026102970134667714,1.164543867199053,live
2025-09-17 12:55:55.047867,-0.027672528711203872,-0.09724491666144754,1.0206037381550308,live
2025-09-17 12:55:55.098689,0.14840804787824935,0.13441889600801035,1.0172052263281506,live
2025-09-17 12:55:55.148420,0.09775441543117924,-0.06020317350881767,1.095520476321724,live
2025-09-17 12:55:55.198210,0.2388336682110438,0.15604498406108647,1.0980289776922163,live
2025-09-17 12:55:55.247525,0.011976116057089042,-0.10526224625885683,1.0658755902297514,live
2025-09-17 12:55:55.297399,-0.08514013758728595,0.015424206632922627,0.8012468635507838,live
2025-09-17 12:55:55.347544,-0.1185329317413689,-0.14171185899946298,1.022639751131348,live
2025-09-17 12:55:55.399430,-0.1882764538390128,-0.059466721846013676,0.8639746249243823,live
2025-09-17 12:55:55.448094,0.04322734247877186,0.04529563236870792,0.8409876119090678,live
2025-09-17 12:55:55.497366,-0.17223261311295268,-0.052139446678404325,0.9737677764006283,live
2025-09-17 12:55:55.547813,0.029342440630563432,-0.1517910690332985,1.128153924593408,live
2025-09-17 12:55:55.597754,0.042541365659642914,-0.021379390498328738,0.9663279016307287,live
2025-09-17 12:55:55.647542,-0.022040650894522062,0.05535794085392753,1.0859553663055757,live
2025-09-17 12:55:55.697212,0.11275232101637236,-0.0125708779531659,1.1243397047067067,live
2025-09-17 12:55:55.748463,0.13943561099050206,0.11208562823805146,1.0745079122492953,live
2025-09-17 12:55:55.797648,-0.024987961027566476,-0.0033634568714882,1.1710596591559959,live
2025-09-17 12:55:55.848201,-0.18103572110034516,-0.006149645601130176,0.9676680952356339,live
2025-09-17 12:55:55.900130,-0.05323090144084687,0.04957981856671481,1.027153051597066,live
2025-09-17 12:55:55.952302,0.0042358486230468515,0.030179545548490505,0.8534756394629667,live
2025-09-17 12:55:55.996510,-0.21757052607703076,-0.08142317902433345,0.9736784152678165,live
2025-09-17 12:55:56.054529,-0.05287614641942894,0.1309106362949702,0.9966145850304964,live
2025-09-17 12:55:56.098275,-0.08935088851251582,0.1726480581903604,1.0288198152817647,live
2025-09-17 12:55:56.150303,-0.08590086646341918,0.06361847242917126,0.857551840524321,live
2025-09-17 12:55:56.200472,-0.0173423667890592,0.09556800332679716,1.0402671286743042,live
2025-09-17 12:55:56.248362,-0.09853292551269405,0.08051086488515974,1.0526994342595768,live
2025-09-17 12:55:56.300331,0.19891838254457525,-0.14571446247372977,1.093053974348165,live
2025-09-17 12:55:56.398945,0.03255196698793251,0.05760186028768232,1.368274041756784,live
2025-09-17 12:55:56.416852,0.1872178711551077,-0.09476967072697483,1.1257750453898463,live
2025-09-17 12:55:56.485765,0.19427161504665302,-0.2776382538389869,1.1079756862999148,live
2025-09-17 12:55:56.512703,-0.003720659608120852,0.1049949438434499,1.1108733922020362,live
2025-09-17 12:55:56.550235,-0.1227390255601196,0.07224982635527025,1.072872416128038,live
2025-09-17 12:55:56.600097,-0.031927007253905605,-0.0941348274778295,0.8564117535273538,live
2025-09-17 12:55:56.649324,0.006309681744213533,-0.06860186823473961,0.9576397550117708,live
2025-09-17 12:55:56.700366,-0.10283973458082285,0.1314482327323294,1.1560767755098493,live
2025-09-17 12:55:56.752849,-0.06214754434748267,-0.0461496719959222,1.1617060360694778,live
2025-09-17 12:55:56.797678,-0.03362708292325397,-0.08829291599983985,1.0153942324070933,live
2025-09-17 12:55:56.849569,-0.0761886324031307,0.09521341670092143,0.9925501004445523,live
2025-09-17 12:55:56.903190,-0.09776302311804241,-0.07513506770843802,0.9488095998386951,live
2025-09-17 12:55:56.967332,0.05090734896444679,0.16649128647544054,1.0958077669788735,live
2025-09-17 12:55:56.982765,0.22151483910567699,-0.05712024618770011,1.1397408235284907,live
2025-09-17 12:55:57.004022,0.03588091120614629,-0.04150470524290864,1.1614369549655554,live
2025-09-17 12:55:57.034366,-0.11503616852473081,-0.008382397523537245,1.0356438668798307,live
2025-09-17 12:55:57.050107,-0.012707127807767183,-0.0460806637530962,1.0223243669475808,live
2025-09-17 12:55:57.097315,-0.06687358636483363,0.06273860686124148,1.0985249608639391,live
2025-09-17 12:55:57.149052,-0.08363065813899122,-0.15715688394281374,1.1662605037602947,live
2025-09-17 12:55:57.197975,0.13566818627697616,0.09328536478510252,0.9820151104529368,live
2025-09-17 12:55:57.249851,-0.15027057405568883,-0.011917702924496346,1.0625618990514467,live
2025-09-17 12:55:57.299567,0.09232894018794646,0.0028033302256743175,0.9653764087601768,live
2025-09-17 12:55:57.348955,-0.06966653822073116,0.06032513349315882,0.9057542269113803,live
2025-09-17 12:55:57.399514,0.035010042733190375,-0.0053806619229932115,0.8115755732390341,live
2025-09-17 12:55:57.449989,-0.029453621394505032,0.1781572129953274,1.0302292399373383,live
2025-09-17 12:55:57.500905,0.006948480318252644,0.12221986291573948,0.9978121363889139,live
2025-09-17 12:55:57.549559,-0.21115007205111716,0.14334474822651996,0.9873912413392395,live
2025-09-17 12:55:57.598832,0.10030849702272251,-0.032880623737640835,0.9391080157935191,live
2025-09-17 12:55:57.650062,0.12796627328074933,-0.16142239900092706,1.0543249000747528,live
2025-09-17 12:55:57.699969,-0.12247344148332953,0.04068838540696197,1.0080926722689094,live
2025-09-17 12:55:57.750251,-0.11460027935674931,0.1091058413393222,1.1206434926763569,live
2025-09-17 12:55:57.800959,0.12475210815097929,-0.06658011813662705,0.9793590234078848,live
2025-09-17 12:55:57.852206,-0.02766338076485328,0.009941678188076512,0.9155758886831841,live
2025-09-17 12:55:57.901403,-0.04532866592553541,0.04016946879761324,0.8993520677678986,live
2025-09-17 12:55:57.950772,0.014366943310980422,-0.010192265638320992,1.2787340159081393,live
2025-09-17 12:55:58.000913,0.09252711039932596,-0.08033835820315455,1.142223494636832,live
2025-09-17 12:55:58.049083,0.05810719202785422,0.10722874776209652,0.9426792022484897,live
2025-09-17 12:55:58.097701,-0.067252133595928,-0.08220990157737519,1.0733997773247526,live
2025-09-17 12:55:58.148923,-0.21632559051930933,0.005919213136441966,0.9274803622287408,live
2025-09-17 12:55:58.938635,0.002799699856102658,-0.047490678156269256,0.8770048196194384,live
2025-09-17 12:55:58.946554,-0.02341432010970376,-0.08857821171973396,1.0609707800227692,live
2025-09-17 12:55:58.974037,-0.10370519858715382,-0.2024734691978941,0.9201892215844801,live
2025-09-17 12:55:58.976151,-0.05450359387567865,0.193779689364745,1.1552873076489025,live
2025-09-17 12:56:00.934390,-0.05674091932787609,-0.04257398196787693,1.048755980501055,live
2025-09-17 12:56:00.942658,-0.032865069588312,-0.02390827968432352,1.112236265444306,live
2025-09-17 12:56:01.004041,-0.08740732736989464,-0.11372307876170298,0.9570344986719879,live
2025-09-17 12:56:01.011835,-0.03880516688858692,-0.03599961688441994,1.0598346415554343,live
2025-09-17 12:56:02.932538,0.016354492860481705,-0.01192231244778586,1.0562896412384575,live
2025-09-17 12:56:02.937736,0.002989357518291859,0.07392067823734948,0.7558769338697116,live
2025-09-17 12:56:02.993819,-0.09308123332662216,0.10145613734510824,0.9341152602467028,live
2025-09-17 12:56:03.004091,0.05760765844474289,0.04079699295973338,0.878623898472495,live
2025-09-17 12:56:04.930905,-0.10931192199513516,0.0097453937009264,0.8775148928570289,live
2025-09-17 12:56:04.932968,0.1367752440648545,0.1537896424818382,1.0410973268700898,live
2025-09-17 12:56:04.965786,-0.05040530935515988,0.04960693723130054,0.9750859527758395,live
2025-09-17 12:56:04.971569,-0.02693761071230933,-0.03870675225423443,1.0946827295719073,live
2025-09-17 12:56:06.930166,0.012024055175059454,-0.04635788565999647,1.0565412933137799,live
2025-09-17 12:56:06.933915,-0.01535598288617452,-0.24333349506449894,0.8958067625992446,live
2025-09-17 12:56:06.969713,-0.035503612261948925,0.14207445163733143,1.0280460236434934,live
2025-09-17 12:56:06.977854,0.11314127848062079,-0.016606481150853725,0.9967687137311956,live
2025-09-17 12:56:08.929677,-0.1450989936908328,-0.0663841775179637,1.0920541634791099,live
2025-09-17 12:56:08.930438,0.133090557865853,0.017681309376522444,0.8793883794708177,live
2025-09-17 12:56:08.965322,-0.023927446595478175,-0.015485609725457126,1.1069371194227653,live
2025-09-17 12:56:08.970176,-0.027254909707910002,0.10294521235020063,0.8194510163399193,live
2025-09-17 12:56:10.932765,0.000646495097346181,-0.2444543050547636,0.8617133078302177,live
2025-09-17 12:56:10.939732,0.013476680738856573,0.06302066911071094,1.0466037713199052,live
2025-09-17 12:56:10.997235,0.06698896597969527,-0.11574193417581916,0.8922850237627153,live
2025-09-17 12:56:11.003880,-0.03641773862922238,-0.036452008346198765,0.8923484433141997,live
2025-09-17 12:56:12.931909,0.04646261369836201,-0.00853113295576374,0.8875237983414921,live
2025-09-17 12:56:12.937868,0.06542604278049059,0.05720939094491754,1.0720457790471896,live
2025-09-17 12:56:12.995367,0.04175062681285398,0.07526274865762678,1.0375773997598001,live
2025-09-17 12:56:13.003483,-0.01870953563903336,0.10050519528994878,1.0102810248619472,live
2025-09-17 12:56:14.931071,-0.11235524870718899,-0.09206971213677861,0.9222482836641193,live
2025-09-17 12:56:14.932309,0.029368184274779774,0.15283780910624245,1.0015552370404515,live
2025-09-17 12:56:14.993948,0.11295608388766082,0.040703820280171166,1.0950220044544443,live
2025-09-17 12:56:14.998805,0.10411875241004183,-0.03765329983011314,0.9065133422137552,live
2025-09-17 12:56:16.932803,-0.001530095284687439,-0.0384455877769069,1.0443054357519796,live
2025-09-17 12:56:16.945375,0.002420283488854851,-0.08967833048653959,0.9848432017155238,live
2025-09-17 12:56:16.998367,0.004369771683154709,0.109886807802255,1.03585605238573,live
2025-09-17 12:56:17.007291,0.0014591521736467862,0.011032962664664482,1.0014418280072128,live
2025-09-17 12:56:18.931876,0.03243391239102893,0.04444524487610395,0.9904355671493477,live
2025-09-17 12:56:18.939354,-0.0601467215782244,-0.1489973587056361,1.1144303634736086,live
2025-09-17 12:56:18.994789,0.16862966132645218,-0.17082386922081502,1.0433365829234793,live
2025-09-17 12:56:19.001047,0.01166188850552482,-0.0015378476703165362,0.9490352121275756,live
2025-09-17 12:56:20.930111,0.03905587401064917,-0.008347813209719787,1.1079613710520206,live
2025-09-17 12:56:20.935819,-0.06434237812931695,0.088768049704895,1.04052629443903,live
2025-09-17 12:56:20.978253,0.026356676014797686,0.07457523022987235,0.9913183384604319,live
2025-09-17 12:56:20.985557,-0.005359382617032765,-0.0822810690722571,1.0753159142930928,live
2025-09-17 12:56:22.929622,-0.16042802867634698,-0.1432302054210682,1.0157081965877492,live
2025-09-17 12:56:22.931300,-0.023722093562209407,0.0807369264482451,0.9901780005143419,live
2025-09-17 12:56:22.965949,-0.013952668687414403,0.0388196471804883,1.0569147993718113,live
2025-09-17 12:56:22.967734,-0.16361132522592525,-0.16970620896441146,1.0857377040552736,live
2025-09-17 12:56:24.934466,-0.15393098180196932,-0.059432194102120764,0.9157363870258128,live
2025-09-17 12:56:24.935509,0.09828221563725444,-0.002467552503833465,1.0538253540273301,live
2025-09-17 12:56:24.987682,0.1311749516636953,-0.02507359903427721,0.9324630738998094,live
2025-09-17 12:56:24.989869,0.12403452009002691,0.07850896363881683,1.0751702903408182,live
2025-09-17 12:56:26.933999,0.1659594632779595,0.13476193580260679,0.799825741094602,live
2025-09-17 12:56:26.948733,0.019325655701208894,0.04956795310020076,1.0738654292170713,live
2025-09-17 12:56:26.986607,0.10668841255652495,-0.1397071085673767,0.9279162517486366,live
2025-09-17 12:56:26.993457,-0.049031977123745574,0.056962693838488954,1.0131216598928656,live
2025-09-17 12:56:28.934448,-0.02605546529729663,0.1617779964849282,1.0339726876503064,live
2025-09-17 12:56:28.951030,-0.024341823096844024,-0.2565929061147027,0.9704385650002603,live
2025-09-17 12:56:28.988835,0.0557487310487616,0.06907028282745985,1.043536578025294,live
2025-09-17 12:56:28.997204,-0.13544314942723798,0.14650756648100555,1.0480118817467476,live
2025-09-17 12:56:30.934767,0.13120554082327113,-0.044894236129348425,1.006181195362499,live
2025-09-17 12:56:30.938753,-0.0011428894991002087,0.060925368176517385,0.9428841989589132,live
2025-09-17 12:56:30.998058,0.14221717716412982,-0.028622521070169493,1.0449480407292222,live
2025-09-17 12:56:31.002413,0.05317869157835983,0.061363882352454595,0.9862240976436218,live
2025-09-17 12:56:32.933099,0.08346933353310784,0.07393238851925342,0.9494059673609038,live
2025-09-17 12:56:32.934107,0.1069160780942656,-0.05166125442967891,1.0007345001792143,live
2025-09-17 12:56:32.997656,-0.025613252762967997,-0.0605368671548915,1.0183132005296656,live
2025-09-17 12:56:33.031955,0.00027397939268040966,0.057382352370710266,1.03646540973195,live
2025-09-17 12:56:34.932727,0.016950500970383708,-0.05003862257317934,1.0162163329666576,live
2025-09-17 12:56:34.935136,0.17277686070602946,-0.09070493891871646,1.0533962236113132,live
2025-09-17 12:56:34.984449,-0.020742949290503646,-0.18301698784689754,0.9773039080146212,live
2025-09-17 12:56:34.987526,0.11867481628172932,0.05938884626982798,1.1036890174277492,live
2025-09-17 12:56:36.929559,-0.014755861629279929,0.0010032063261357002,1.1175792722796754,live
2025-09-17 12:56:36.934586,-0.07254172431743282,0.18237316582847554,1.0516165011443266,live
2025-09-17 12:56:36.964484,-0.032432160953339985,0.10136505961647489,1.1289358242215823,live
2025-09-17 12:56:36.968067,0.025680349061911925,-0.07545304495526224,1.065107356541323,live
2025-09-17 12:56:38.934899,-0.18073638826437496,0.05984082618003982,1.0444658120606616,live
2025-09-17 12:56:38.938586,0.0867761196646677,-0.16299381002593416,0.8202669771234644,live
2025-09-17 12:56:38.996041,-0.04946990265239944,-0.1880479819816255,1.0814389366179917,live
2025-09-17 12:56:39.005836,-0.029047075865626396,-0.029378451072275588,0.9757135869020164,live
2025-09-17 12:56:40.932867,0.028925234094131037,-0.003516680290198259,1.0303977358633825,live
2025-09-17 12:56:40.941428,-0.11247766208837995,0.08366319329763311,0.9915525601776556,live
2025-09-17 12:56:40.991477,0.08909379807139484,-0.001296814313008145,0.9916791951288658,live
2025-09-17 12:56:41.003010,0.18821084387571013,-0.05077268061463273,1.106632280171226,live
2025-09-17 12:56:42.933538,-0.00785687287604352,0.0848884442893517,0.9063101248765135,live
2025-09-17 12:56:42.941204,0.061935101235719436,-0.010328408910793353,0.9509546028498529,live
2025-09-17 12:56:42.994041,-0.0817020799922617,-0.19853740618492066,0.9125423601632704,live
2025-09-17 12:56:43.004893,0.028293273278064225,-0.0032818428993453136,1.1118975780899474,live
2025-09-17 12:56:44.934494,-0.0015695903232104903,-0.06899354313867916,1.0665116430936656,live
2025-09-17 12:56:44.940654,-0.1015012133326764,0.09978348435140898,0.8606611364187523,live
2025-09-17 12:56:44.996008,0.10624930625841272,0.13880679081371397,1.0519656331322762,live
2025-09-17 12:56:45.002286,0.09969124265383478,-0.18295931401697035,1.1770315335770338,live
2025-09-17 12:56:46.932452,-0.007211647265684181,0.16249840101618057,0.9645377288540062,live
2025-09-17 12:56:46.938460,-0.03852022873635805,0.11006483399228413,0.8690516606665771,live
2025-09-17 12:56:46.996105,0.010594257163063357,-0.08202126417070563,0.9231420845159555,live
2025-09-17 12:56:47.002520,0.03714724046312397,-0.1001817214741224,0.8959535594183612,live
2025-09-17 12:56:48.933421,0.06037705161745996,0.15002393851746987,0.9891411969937152,live
2025-09-17 12:56:48.937228,-0.057079927455485006,0.06832493662088987,1.049723129173697,live
2025-09-17 12:56:48.996107,-0.0665824301396327,0.05888903549695837,1.153693602965164,live
2025-09-17 12:56:49.003009,-0.20835902285602492,-0.05831486618363263,1.2060969982158656,live
2025-09-17 12:56:50.931518,0.0915855867788951,0.28956423896441236,1.130134588666383,live
2025-09-17 12:56:50.933855,0.2446692131135808,0.04950798510795371,1.05719816691227,live
2025-09-17 12:56:50.990591,0.022082580061291747,-0.08722779344768941,1.0030877196188208,live
2025-09-17 12:56:51.000898,0.09262140973822182,-0.15792049103246678,1.0904253783169802,live
2025-09-17 12:56:52.932810,0.17183347061368537,-0.01532102911936015,0.7458193576325302,live
2025-09-17 12:56:52.943703,-0.03838685555445833,0.017520358492337088,0.816844481193025,live
2025-09-17 12:56:52.990897,0.01902372474255834,-0.1478601224007757,0.9292608850698071,live
2025-09-17 12:56:53.000877,0.20341193028366078,0.006122908991157148,1.008290736178659,live
2025-09-17 12:56:54.933792,0.0163828688354219,-0.06876460296060707,0.9609812186628909,live
2025-09-17 12:56:54.939169,-0.11967747021582148,0.0551925375335251,1.0474647846866316,live
2025-09-17 12:56:54.995706,-0.09400378263885495,-0.10738431941764322,1.1232100009900563,live
2025-09-17 12:56:55.006347,0.06105754064274236,0.12090465760593778,0.9123853822594943,live
2025-09-17 12:56:56.931251,-0.012614835973769722,0.0014471792808260124,1.1755842016481681,live
2025-09-17 12:56:56.932423,-0.10499760184337181,0.030395250376489016,1.026864937831152,live
2025-09-17 12:56:56.970447,-0.0010053188976567973,-0.12259038043879433,0.8754250139587247,live
2025-09-17 12:56:56.970944,-0.14439789883163498,0.02217288138999168,1.0907571216457472,live
2025-09-17 12:56:58.934236,-0.04567642671219566,-0.03757179475401568,1.0843611989242024,live
2025-09-17 12:56:58.988654,0.041862057303017924,-0.15571395291887968,1.037231714681013,live
2025-09-17 12:57:00.933891,-0.023346280964456824,0.015863763677183115,1.0156738704629595,live
2025-09-17 12:57:00.990194,-0.09590819684608372,0.0875951460691949,0.9349696321938388,live
2025-09-17 12:57:02.933325,-0.013902270193106176,-0.016295724510008457,1.1404916651649057,live
2025-09-17 12:57:02.987300,-0.12078240366508719,-0.13832012153685655,0.8920060478590588,live
2025-09-17 12:57:04.933111,0.13200526075870733,0.1537875268023996,0.9807424509063031,live
2025-09-17 12:57:04.986792,0.02034182157515038,0.11815689222568226,0.9519643043799095,live
2025-09-17 12:57:06.934169,0.020779812376117437,0.013645564039399075,0.9308536082405363,live
2025-09-17 12:57:06.983586,-0.037028221999633106,0.00487819810101256,1.026437671644134,live
2025-09-17 12:57:08.934280,-0.06914224851181615,0.018016860404105037,1.0000141316757385,live
2025-09-17 12:57:08.988597,-0.15040879953701045,-0.06638494692446649,1.110818790937248,live
2025-09-17 12:57:10.931817,0.08725823091503071,0.11401740575250202,0.9121930507733531,live
2025-09-17 12:57:10.988341,-0.09176674520175847,0.061692675441629846,0.8944962409322532,live
2025-09-17 12:57:12.933570,-0.04912953718605963,0.04462087642956995,1.0509340439719765,live
2025-09-17 12:57:12.988172,0.08607686867023301,-0.153776405273891,1.0550780953403667,live
2025-09-17 12:57:14.933241,-0.015593544868671913,-0.043292366378592295,0.9851928793250434,live
2025-09-17 12:57:14.987463,0.03781728663186866,0.08441432183697761,1.0342870970067084,live
2025-09-17 12:57:16.933647,0.07510940149548649,-0.0913204455682712,1.1200419914435946,live
2025-09-17 12:57:16.987159,-0.15834868629887894,0.08033559180409919,0.9962124120923198,live
2025-09-17 12:57:18.933398,-0.027761065836085404,0.27289659932083965,1.0626001359188268,live
2025-09-17 12:57:18.986784,0.14706096702906954,-0.0347924436554928,1.1292877202162754,live
2025-09-17 12:57:20.934353,0.0953775738769404,0.018652717650278004,1.0770867545938059,live
2025-09-17 12:57:20.990142,-0.0025048480704834737,-0.035838896805913914,1.0330398845280158,live
2025-09-17 12:57:22.930858,0.11059241077732468,-0.043385481698203186,1.0647617394157314,live
2025-09-17 12:57:22.963359,0.20716334322878616,-0.16542227236675366,0.9934912490336689,live
2025-09-17 12:57:24.935054,-0.07222757147443064,0.04393101565223637,0.975292960888881,live
2025-09-17 12:57:24.988912,-0.1511530555303121,-0.028121762449492684,0.8128709584060736,live
2025-09-17 12:57:26.933503,0.17004094789039723,-0.11050757669733191,0.9495505494940313,live
2025-09-17 12:57:26.987090,0.06439832082796675,-0.07421312765372261,1.011957794241484,live
2025-09-17 12:57:28.933389,0.02095129979609944,-0.08056284387855392,1.038368032444595,live
2025-09-17 12:57:28.989080,-0.03735865407597193,-0.13325206607044268,0.9930448286659487,live
2025-09-17 12:57:30.934477,0.018768129177187377,-0.056399898531886185,0.9373859155884586,live
2025-09-17 12:57:30.985806,0.17328469351001452,-0.12442801994940643,1.0334114488524289,live
2025-09-17 12:57:31.937689,0.1171292214256553,-0.04416937959524064,1.068782264710521,live
2025-09-17 12:57:31.978265,0.16498551054091626,-0.08211764626923296,1.1296361962806594,live
2025-09-17 12:57:32.934998,0.1431547275165146,0.023948107856983814,0.9905730619855273,live
2025-09-17 12:57:32.978610,0.05015997326905769,0.08434692451090266,1.0050002308486738,live
2025-09-17 12:57:33.936425,-0.08473454525763159,-0.05494000220798356,1.1453314541110657,live
2025-09-17 12:57:33.972558,0.11948572801644307,-0.12059398019048764,1.0204829156339896,live
2025-09-17 12:57:34.936271,0.029916146374046573,-0.09166154414069731,0.825839097201801,live
2025-09-17 12:57:34.978220,-0.07650034782018375,0.09043970426658722,1.0180466398381194,live
2025-09-17 12:57:35.935511,-0.036243975348353656,-0.1204028790893833,0.9608762129190287,live
2025-09-17 12:57:35.977686,0.03478298059788511,-0.005007353000602446,0.8657228852510332,live
2025-09-17 12:57:36.931742,0.040747255415261294,-0.05639062144664793,0.8357229985384108,live
2025-09-17 12:57:36.971035,-0.07295735789272996,0.1450220755926313,0.927694287532483,live
2025-09-17 12:57:37.937745,0.16533813051965618,0.00872791053693226,0.9639161590793596,live
2025-09-17 12:57:37.980733,-0.03786620123038104,-0.052968261249103865,1.0764750145532667,live
2025-09-17 12:57:38.932888,0.03040272665288043,0.08500153557036394,0.8911890119975153,live
2025-09-17 12:57:38.973538,-0.16855749651042762,-0.1046889871692624,1.1125653661317472,live
2025-09-17 12:57:39.935659,-0.17831249153938356,0.05249727308746062,0.9655022372463576,live
2025-09-17 12:57:39.970195,-0.06109772285353589,0.04242528778621923,1.0841919149800125,live
2025-09-17 12:57:40.934506,-0.04633370624839181,0.11397017167622621,1.0974074401472396,live
2025-09-17 12:57:40.977198,-0.15291249235856008,0.29663870514334784,1.2893228551595142,live
2025-09-17 12:57:41.937676,-0.003729261123064211,-0.049740062547070696,0.952030680776776,live
2025-09-17 12:57:41.978612,0.017301318034207945,0.00528320697025784,1.0677609291124093,live
2025-09-17 12:57:42.936799,-0.09636043741846233,-0.03619318925564105,1.1468230959859635,live
2025-09-17 12:57:42.980534,-0.11897636646398078,-0.034805140022620244,0.962000548980231,live
2025-09-17 12:57:43.935474,0.09055844855269926,0.05474843647400366,0.9744333501232431,live
2025-09-17 12:57:43.976486,0.06574732752356409,-0.12590730132691713,1.0035830876501386,live
2025-09-17 12:57:44.933337,0.2097472588493463,0.0985653672373757,1.0292726287997596,live
2025-09-17 12:57:44.976696,0.24378249582070033,0.05200899031539984,0.9535710224448178,live
2025-09-17 12:57:45.936836,0.1181031922949986,-0.09037271071193854,0.9823874313527869,live
2025-09-17 12:57:45.977598,-0.037957260570651734,0.08702314869195134,1.0322014757170708,live
2025-09-17 12:57:46.931873,0.05358141321516881,-0.1122284869934044,1.042802498377016,live
2025-09-17 12:57:46.963148,-0.31838198958917724,-0.028613547565255727,1.051436454430772,live
2025-09-17 12:57:47.933141,0.058102287633104294,-0.03758654885764823,0.927792787988513,live
2025-09-17 12:57:47.972521,0.037060272107792544,-0.031138730949649158,0.9404531688848375,live
2025-09-17 12:57:48.935528,0.02939452979046241,0.029271776383105953,1.081388663429753,live
2025-09-17 12:57:48.978802,0.11848624225881194,-0.17322410994090276,0.844580327056125,live
2025-09-17 12:57:49.936994,-0.10848090379039455,0.059019074544347974,0.9803569505355145,live
2025-09-17 12:57:49.976754,-0.11191905940142995,-0.039794377104192744,1.1427836766763038,live
2025-09-17 12:57:50.934650,-0.08821054587849333,0.015614419768948807,0.9603483061270458,live
2025-09-17 12:57:50.977582,0.09243956461857776,-0.05039431050796492,1.020048177508748,live
2025-09-17 12:57:51.934164,-0.037723584434992054,-0.10078921687101261,1.2259595828318823,live
2025-09-17 12:57:51.975391,-0.08303543889433171,0.09588541680498688,1.0221486635099488,live
2025-09-17 12:57:52.936665,-0.03493842577327911,-0.03117799707252858,1.0478863491729706,live
2025-09-17 12:57:52.983021,-0.02135697888809801,-0.00934960788823235,0.9137315695099028,live
2025-09-17 12:57:53.936880,0.06165545404250185,-0.07921531270915437,0.9046623488093342,live
2025-09-17 12:57:53.979751,0.17437723787327764,-0.02680412978394355,1.1009400625859254,live
2025-09-17 12:57:54.935698,0.031955542339080455,-0.06616345639151601,1.1761511714103334,live
2025-09-17 12:57:54.980293,0.1268842881103088,0.08369625414459855,1.0510369416683045,live
2025-09-17 12:57:55.935663,-0.08132307548852452,-0.09487448088428369,0.9908450857690453,live
2025-09-17 12:57:55.980624,0.022229828333373294,-0.14581539149612666,1.1255868077145836,live
2025-09-17 12:57:56.932086,0.02355925143225593,0.016977938646796965,0.969525895374773,live
2025-09-17 12:57:56.975588,-0.1429428974107193,0.07492328691849855,1.0046108776551281,live
2025-09-17 12:57:57.980745,0.07502718793826549,-0.010947310802954604,1.0114979637772943,live
2025-09-17 12:57:58.041215,0.09532635919015146,0.06374724747593512,1.06170208141553,live
2025-09-17 12:57:58.939188,0.06346948227476613,0.11846476216246787,1.156788047291807,live
2025-09-17 12:57:59.072364,0.09807908200159904,-0.05368258554136514,1.0395324119848965,live
2025-09-17 12:57:59.126378,0.15039756263701334,-0.11662685878076953,0.9928703692381263,live
2025-09-17 12:57:59.143952,-0.0738226939945548,-0.1812573519088284,0.8295311487909923,live
2025-09-17 12:57:59.157393,0.13117174392720068,0.07054701586296058,0.849078334749279,live
2025-09-17 12:57:59.166259,-0.010608368597718833,0.08211934278493394,0.9751502213901904,live
2025-09-17 12:57:59.215404,0.016769098373709292,-0.017912844814803902,0.9189475942834844,live
2025-09-17 12:57:59.264294,0.018542550022508823,-0.07792490264190836,1.128198380713904,live
2025-09-17 12:57:59.352939,0.08750893077914858,-0.065768145427317,0.7756608897559014,live
2025-09-17 12:57:59.375781,0.016023305857020803,0.15173557480182345,1.144486428200174,live
2025-09-17 12:57:59.411959,0.14937079742257175,-0.11040214010134052,0.9980792563017853,live
2025-09-17 12:57:59.449688,-0.17705005132024582,0.07957783007403556,0.9128940550746449,live
2025-09-17 12:57:59.500850,0.06137397979557161,0.04289943659596477,1.0101607145564626,live
2025-09-17 12:57:59.549651,-0.2080066590808176,0.031035047290327113,1.1726372373033729,live
2025-09-17 12:57:59.601548,0.11982382562105219,-0.10055600885088178,1.0294709174045809,live
2025-09-17 12:57:59.651225,0.08494897910034277,-0.010781057059764997,0.8889535182365315,live
2025-09-17 12:57:59.700370,-0.09767541194588684,-0.003466959354134805,1.0775811321687847,live
2025-09-17 12:57:59.750529,-0.07781474864227701,0.17495340705782128,1.0671875350310753,live
2025-09-17 12:57:59.801527,0.014476480536295914,-0.01613929951582432,0.9810593643685426,live
2025-09-17 12:57:59.850965,-0.0962281292431361,-0.21028436979246157,1.1042375527012949,live
2025-09-17 12:57:59.900854,-0.13311679146669692,-0.0684375751469669,1.2330834311446432,live
2025-09-17 12:57:59.951213,0.02837574332245852,-0.025045842343431098,0.8975600035303203,live
2025-09-17 12:58:00.001546,0.09910983440599841,-0.03318888276206932,0.9281056755373419,live
2025-09-17 12:58:00.050573,-0.06441984223696184,0.1035361898143967,0.8740653227533728,live
2025-09-17 12:58:00.100673,0.11149852266885073,0.12799444313771588,0.997681363219194,live
2025-09-17 12:58:00.150616,0.07949959030407051,0.12277603157680661,1.0981030502735656,live
2025-09-17 12:58:00.200853,0.13745478850348594,0.058573011708061166,1.166481366007464,live
2025-09-17 12:58:00.255527,0.014682500093757947,-0.008140606769801778,1.1294512032648931,live
2025-09-17 12:58:00.301518,-0.11928015636967032,-0.015362749607228512,1.0326134592237173,live
2025-09-17 12:58:00.349959,0.12819119472027854,0.00440983178938006,0.9682479943980424,live
2025-09-17 12:58:00.400441,0.037294724800077186,0.0012531294273294934,0.9688871454696925,live
2025-09-17 12:58:00.449403,-0.04908560786352398,0.09435842211516257,0.9329505257271273,live
2025-09-17 12:58:00.499723,-0.05314365773604271,0.045401902338296544,1.0387239788366815,live
2025-09-17 12:58:00.549687,-0.03312085359124752,0.032312464718652116,1.146826839946738,live
2025-09-17 12:58:00.599738,-0.0379687184684676,-0.041154471420243866,1.0390071725057828,live
2025-09-17 12:58:00.650166,0.0218365757884093,-0.15160762393391172,0.9005300450874681,live
2025-09-17 12:58:00.700271,-0.18348540107883923,-0.07135897540268886,1.1184081519602638,live
2025-09-17 12:58:00.750838,-0.03554116373150994,0.03715587098977323,0.9629600198074052,live
2025-09-17 12:58:00.800563,-0.006321491274762687,0.0038294070816055903,1.1434590378410041,live
2025-09-17 12:58:00.850049,-0.20367875352262704,-0.09257609345377736,1.0204755690630503,live
2025-09-17 12:58:00.900890,-0.01111924474320647,0.00602371659438334,0.7414916055318053,live
2025-09-17 12:58:00.932120,-0.018575012310606615,-0.09766555527650134,1.0451801808558014,live
2025-09-17 12:58:00.951080,0.0910724097769278,-0.13922558365738566,1.0372276154821307,live
2025-09-17 12:58:00.966525,0.037765080312234224,-0.034864803704865825,0.9756267776814221,live
2025-09-17 12:58:01.001631,0.08346140270900643,0.08743088844519176,1.0188094506518168,live
2025-09-17 12:58:01.055603,0.11801752829483736,0.24586636347988233,0.8373411807851278,live
2025-09-17 12:58:01.101370,-0.08808998015545955,0.060920909032543394,1.011085382744287,live
2025-09-17 12:58:01.151606,-0.03942063406999746,0.06344913398542562,0.9785526820376566,live
2025-09-17 12:58:01.201224,0.052509415405321946,0.18608156192268333,1.0123738268179503,live
2025-09-17 12:58:01.250597,-0.11046996188285887,-0.01852458576687432,1.072825067438861,live
2025-09-17 12:58:01.301244,0.0036593424159453245,0.05429429500327141,1.1623849687137136,live
2025-09-17 12:58:01.350165,-0.029488597453204708,-0.04708157603286262,0.9056010848259746,live
2025-09-17 12:58:01.400743,0.07414284231734987,0.16383904230533236,0.9585675231371977,live
2025-09-17 12:58:01.450291,0.06291391400097104,-0.1465439332888171,1.0075072198438437,live
2025-09-17 12:58:01.501288,0.1836080139918552,0.0762008208537311,1.0633763590826621,live
2025-09-17 12:58:01.551027,-0.06091836571395992,0.002279418295665761,0.895010234076389,live
2025-09-17 12:58:01.599982,0.007255390070660402,-0.04778771396604439,1.0106650094200913,live
2025-09-17 12:58:01.651644,0.04701550304163152,0.02172299127378481,1.0392255967578965,live
2025-09-17 12:58:01.701258,-0.05940747014270353,0.1085199655987002,1.0210791203291372,live
2025-09-17 12:58:01.750646,0.05774305406467063,0.13652606770153114,1.0902983297693511,live
2025-09-17 12:58:01.800060,0.07745225293734913,-0.027852185961006165,1.0088905881614585,live
2025-09-17 12:58:01.850600,0.0896810708572689,0.031075547839101787,1.075464504709975,live
2025-09-17 12:58:01.901040,0.11290931496922788,0.008797110498529602,1.1035462643159009,live
2025-09-17 12:58:01.950755,-0.0053875864743189944,-0.07859315298157737,0.9111881131679271,live
2025-09-17 12:58:02.000815,-0.03882263715660452,0.07529838443765531,0.9966150163147938,live
2025-09-17 12:58:02.050752,-0.10562750993048274,-0.06266494928995685,1.1440560301707046,live
2025-09-17 12:58:02.100388,-0.047943122380340264,-0.011939770235810769,1.1128460079159892,live
2025-09-17 12:58:02.150258,-0.16089699446061467,-0.13776301229281498,1.010035146710516,live
2025-09-17 12:58:02.200676,-0.05833772724055056,-0.022138215495405286,1.0108432362541526,live
2025-09-17 12:58:02.250609,-0.21171463459087164,0.09901377783396999,0.9331606616763667,live
2025-09-17 12:58:02.300444,0.23413838512184615,-0.09366968276286813,0.9947358362448113,live
2025-09-17 12:58:02.350140,0.0280790860203003,0.006267229093799841,0.965977841069143,live
2025-09-17 12:58:02.400283,0.011165923069929007,-0.09054842537390927,1.044338571205614,live
2025-09-17 12:58:02.449827,0.1640885148587216,-0.0241549851717777,1.0228996533955217,live
2025-09-17 12:58:02.499689,-0.02916143077569507,-0.09949597633130028,0.9515129143736176,live
2025-09-17 12:58:02.550843,-0.13031789478905123,0.1339543141204606,0.926089980932244,live
2025-09-17 12:58:02.600719,0.02237130532206283,0.11393696440442941,0.9881845932714571,live
2025-09-17 12:58:02.649699,0.11363433582844291,-0.07193349397133751,1.0036376855988287,live
2025-09-17 12:58:02.700950,0.07786630972496195,0.04723244246403941,1.0131496922395244,live
2025-09-17 12:58:02.750342,0.1793911607913241,0.11604472862394964,0.8061161110922728,live
2025-09-17 12:58:02.800169,0.0126821166203424,-0.07458966195362442,1.0280435007760238,live
2025-09-17 12:58:02.851255,-0.03224781826308834,-0.15371936843612963,1.0796266790092175,live
2025-09-17 12:58:02.900532,0.0250882397790997,-0.04773866077320788,0.9660534814462319,live
2025-09-17 12:58:02.930908,-0.2733244891319166,-0.07880771326037483,0.9252712315240483,live
2025-09-17 12:58:02.950222,0.05064260914575448,-0.08106204841525178,1.0221123013896891,live
2025-09-17 12:58:02.963547,-0.24315808955245088,0.029880613412300396,0.7975904003115436,live
2025-09-17 12:58:02.999893,0.05856872379315127,-0.12865002656580612,1.1415011544569293,live
2025-09-17 12:58:03.051917,-0.1564729222904502,0.02945952895268053,1.276331499866244,live
2025-09-17 12:58:03.100677,-0.1405862141234481,0.05504976092193442,0.91717916238477,live
2025-09-17 12:58:03.150623,0.024544091245143805,0.16473776393699702,1.1118935487174426,live
2025-09-17 12:58:03.199640,0.12046626372205174,-0.09224512298259419,0.9983934121112179,live
2025-09-17 12:58:03.250963,0.13269027045376358,0.13580784098183016,0.9039274218310361,live
2025-09-17 12:58:03.301175,0.009059562857820221,-0.12078000600607841,1.033501368398172,live
2025-09-17 12:58:03.350538,-0.002901331550116937,0.14872394715067971,1.0114627009643984,live
2025-09-17 12:58:03.401025,0.022998689113139143,-0.013681927661981095,0.9919115840350359,live
2025-09-17 12:58:03.450562,-0.09002181257265902,0.00211681311629101,0.9364219412051937,live
2025-09-17 12:58:03.500107,-0.0043074973249312715,-0.048863310573134346,1.0492231085386878,live
2025-09-17 12:58:03.549399,-0.0446368253367901,-0.006791998495074567,0.9465282148902959,live
2025-09-17 12:58:03.599575,0.03193668333927697,-0.008290540801775017,1.0129046234960635,live
2025-09-17 12:58:03.649624,0.00706637462919777,-0.06497978972770538,1.0488639498573953,live
2025-09-17 12:58:03.699552,-0.08678867878378556,0.03717755701308859,1.0648168341790214,live
2025-09-17 12:58:03.749965,-0.09861146202961674,-0.012547506701736905,1.1185732198585543,live
2025-09-17 12:58:03.800286,-0.15848932621547626,-0.008184180611125967,0.9298561484682644,live
2025-09-17 12:58:03.850892,-0.08754786149869076,-0.2834881271592952,0.9096434560559187,live
2025-09-17 12:58:03.900905,-0.0690573311493372,0.09548223084324343,0.9672258201898529,live
2025-09-17 12:58:03.950524,-0.11160470057706869,-0.010309303692073009,0.9068339054702041,live
2025-09-17 12:58:04.000373,-0.03480004583715275,-0.10842444265615492,1.1653885005714697,live
2025-09-17 12:58:04.049876,0.11850827824224963,0.19106299010924988,1.1156089554091286,live
2025-09-17 12:58:04.100435,-0.06696588757144462,-0.049700281588707956,1.1834929305896003,live
2025-09-17 12:58:04.151083,0.08220760143228512,0.09148334866804297,1.032392193521394,live
2025-09-17 12:58:04.200351,-0.06120194026744356,-0.22921910984097793,1.0440195860700756,live
2025-09-17 12:58:04.250602,-0.13571520661249437,-0.08436933370262453,0.9596046022610002,live
2025-09-17 12:58:04.300787,0.19672371239354838,0.02579580659110118,1.1557981721226254,live
2025-09-17 12:58:04.351123,-0.03715214764061317,-0.00598217513494941,0.9326735126851982,live
2025-09-17 12:58:04.400692,0.07824710718053872,0.08642412117012124,0.8998578396599631,live
2025-09-17 12:58:04.451067,-0.010575475940759095,-0.10446289418322802,0.9866535790091914,live
2025-09-17 12:58:04.500655,0.27982280020040223,-0.051257431592598296,0.9236204672556253,live
2025-09-17 12:58:04.551316,-0.03670754700943515,0.07166855470790855,1.0080218085650259,live
2025-09-17 12:58:04.599687,0.22122181410285247,-0.08428282906770466,0.9302426801101015,live
2025-09-17 12:58:04.649753,0.1250965698462716,0.20514986336380514,0.9948926658822136,live
2025-09-17 12:58:04.699931,0.0672381181554241,-0.03927406932403949,1.137720182625764,live
2025-09-17 12:58:04.750983,0.09568398466443365,0.10489332745014784,1.0264666275724899,live
2025-09-17 12:58:04.799818,-0.1607571028407335,0.10631606704250714,1.071025835967938,live
2025-09-17 12:58:04.849849,-0.0006902373816940094,-0.0996907878058702,1.1631197424247,live
2025-09-17 12:58:04.900612,-0.019453851080950976,0.09474002072236337,0.9301779702926114,live
2025-09-17 12:58:04.930181,0.029053568832727,0.16690283135139808,0.988979651665753,live
2025-09-17 12:58:04.950314,-0.13286151067338983,0.07569298138297098,1.1245178907674434,live
2025-09-17 12:58:04.955800,-0.004833288453487685,0.054315279437800935,0.7677129480791439,live
2025-09-17 12:58:05.000927,-0.0256331655679238,-0.05421732482172244,0.9775837976665471,live
2025-09-17 12:58:05.050553,-0.11177501135365164,-0.027535535987225225,1.0829273182720263,live
2025-09-17 12:58:05.100216,-0.10410618642246317,-0.014155257576983247,0.9642556763698759,live
2025-09-17 12:58:05.150996,0.0130668511944121,-0.04406413314710444,0.8781984567211562,live
2025-09-17 12:58:05.199801,-0.08248756324532114,0.0514971031959542,1.107603071930268,live
2025-09-17 12:58:05.249899,0.09311778465914392,0.056457596269952164,0.9294303750630513,live
2025-09-17 12:58:05.299761,-0.06916888842544254,-0.0746113236140482,1.0738336654121436,live
2025-09-17 12:58:05.351147,0.03375427390269186,0.02847673631799602,1.192954022520304,live
2025-09-17 12:58:05.401511,-0.03708314580768215,0.054975232254722874,0.9391058841369554,live
2025-09-17 12:58:05.450514,-0.10317560650655654,0.07431006936641855,1.1917896167345083,live
2025-09-17 12:58:05.500056,-0.17714647827495472,-0.06817773276179645,0.8821884352504356,live
2025-09-17 12:58:05.549783,-0.06132182856576255,0.04998807884914967,0.944119658531227,live
2025-09-17 12:58:05.599859,0.056657254022240346,-0.02676550347108215,1.0320535897210972,live
2025-09-17 12:58:05.649742,-0.003074457227897979,-0.08909717542471804,0.9888561297200311,live
2025-09-17 12:58:05.699754,0.07643425325128807,-0.040394106684804545,1.0241197042820112,live
2025-09-17 12:58:05.749800,-0.004228696228107351,0.021179157203098754,1.0418064518238639,live
2025-09-17 12:58:05.798585,-0.01123598758523219,-0.022901372586092802,0.9371889824526128,live
2025-09-17 12:58:05.849388,0.04300252551466701,0.13380120528328712,0.8812198478547686,live
2025-09-17 12:58:05.899718,-0.011903221677287038,-0.06906083122154749,1.05193040223542,live
2025-09-17 12:58:05.948926,0.1769065951741684,0.02129959043814897,1.0289717954003768,live
2025-09-17 12:58:05.999750,0.08050358895297921,-0.07148001289733719,1.0417370915404014,live
2025-09-17 12:58:06.049939,-0.12347778496000039,-0.18597884851773605,1.0207129111043218,live
2025-09-17 12:58:06.099701,0.020622232303543427,0.03362829575758641,0.7946860254355765,live
2025-09-17 12:58:06.149562,0.025511262935742764,-0.18032958742499466,0.8591340453787547,live
2025-09-17 12:58:06.199643,0.06362936443786686,-0.1480889998985761,0.9848357598161188,live
2025-09-17 12:58:06.250069,0.053031377669926584,0.12948250948477963,0.954712017468869,live
2025-09-17 12:58:06.299556,0.1497569031240403,0.10672834886014573,0.8830410080464597,live
2025-09-17 12:58:06.349239,0.0036669645789377996,-0.018799773127379366,1.1696373697516933,live
2025-09-17 12:58:06.401424,0.07972802716261196,0.04442450117709953,1.0977562914376622,live
2025-09-17 12:58:06.451416,0.05939499514132194,-0.010401318408554162,1.0170731965141866,live
2025-09-17 12:58:06.500583,0.1385776970811048,-0.06186596569732605,0.9639490484223426,live
2025-09-17 12:58:06.550800,0.01928261864607852,0.09440015782213904,1.1197789400999525,live
2025-09-17 12:58:06.601450,-0.08419729161405431,-0.1372764097997326,0.9848036715442827,live
2025-09-17 12:58:06.650536,0.09817383739402458,0.18799731875960635,1.1038063658705624,live
2025-09-17 12:58:06.701085,-0.0848671572209352,-0.2562311115161343,0.9423362024667533,live
2025-09-17 12:58:06.750683,0.12459518197859168,-0.0892887495413502,1.0718392061243216,live
2025-09-17 12:58:06.801302,-0.01896634657318777,0.11350061386869628,1.087018810245448,live
2025-09-17 12:58:06.850886,-0.005981796537289309,-0.07914884217011837,0.7996559421217087,live
2025-09-17 12:58:06.901207,-0.10876667552849889,0.04829762218412525,1.0892246875107783,live
2025-09-17 12:58:06.930310,0.14644459918227679,0.06216596380399128,0.9117244002986089,live
2025-09-17 12:58:06.950006,-0.1156567021066141,0.12004784668511098,0.8539976136474097,live
2025-09-17 12:58:06.955750,0.03506193273649425,0.05044988798450957,0.9910962378597035,live
2025-09-17 12:58:07.000065,0.12239636026108557,0.053729292394872265,1.1921652166850178,live
2025-09-17 12:58:07.051238,-0.039906151025758035,-0.07609753478081298,0.8869109405028069,live
2025-09-17 12:58:07.101566,0.08368021383667162,0.050479234316924686,0.999795805542187,live
2025-09-17 12:58:07.152559,-0.004559790174962423,0.1825454137121602,0.786724455246055,live
2025-09-17 12:58:07.202327,-0.0035062046430617937,-0.004075780399561352,1.051014136894943,live
2025-09-17 12:58:07.271191,0.09456402129435144,0.11158063204873488,0.8682000105385278,live
2025-09-17 12:58:07.333472,-0.007210635940434459,-0.08518273000165258,1.0484898289492697,live
2025-09-17 12:58:07.350779,0.10836927816882232,0.1405398973185426,0.8005845090834407,live
2025-09-17 12:58:07.401181,0.26401631691701033,0.00012930133990167635,1.0239726587791858,live
2025-09-17 12:58:07.450535,0.12320228752723042,-0.16764868895992313,0.9992503376404948,live
2025-09-17 12:58:07.500367,-0.1532287683636201,0.08418252435609884,0.9509700495322249,live
2025-09-17 12:58:07.551442,0.20801090607671788,-0.06937660440910724,1.108585208965517,live
2025-09-17 12:58:07.599387,-0.0032841905415280856,-0.04271405738263024,1.0100164539413818,live
2025-09-17 12:58:07.649772,-0.12430874451326993,-0.15657903837228654,0.9568492478212796,live
2025-09-17 12:58:07.699949,0.06688952617500894,-0.11791649183467093,0.845859312700453,live
2025-09-17 12:58:07.750041,-0.01086759544926505,-0.0525008421347489,0.96072573859195,live
2025-09-17 12:58:07.800528,0.02981312496535379,0.06175340848653646,0.9472900308804747,live
2025-09-17 12:58:07.850518,-0.02954407122869245,-0.21886624294690785,0.924437881140488,live
2025-09-17 12:58:07.901194,-0.022788837548471993,-0.00017284612730611418,0.9552513464781296,live
2025-09-17 12:58:07.950658,-0.10349705434188501,-0.20709519320628889,1.2146291393286963,live
2025-09-17 12:58:07.999939,0.03251185048308615,-0.1187380152129882,1.018510396840287,live
2025-09-17 12:58:08.049670,-0.0801333413843005,-0.15305428224513914,1.0153304519124486,live
2025-09-17 12:58:08.100788,-0.06697461715506024,0.057917580471944556,1.0556004661427678,live
2025-09-17 12:58:08.152572,0.0014874087628099456,-0.001803884206740963,0.8958781671940148,live
2025-09-17 12:58:08.201446,0.0612055897648717,0.21128234969624443,1.0401463014577768,live
2025-09-17 12:58:08.249308,0.03390807989264424,0.12840453551360095,1.2455063824715589,live
2025-09-17 12:58:08.299984,-0.05319241785665451,0.056188415641729585,1.0676427638111716,live
2025-09-17 12:58:08.932298,0.07983086062710722,-0.025403546040495908,1.069316413537662,live
2025-09-17 12:58:08.939547,0.047888809374474796,-0.15479546164707209,1.0812546879041705,live
2025-09-17 12:58:08.981372,0.0015437421079657731,0.07981404073263773,0.9464626854355065,live
2025-09-17 12:58:08.991316,-0.009827879684987736,-0.1434456434774967,1.00906000178933,live
2025-09-17 12:58:10.935358,0.08166111546709509,-0.1327742162964835,0.9374091698180371,live
2025-09-17 12:58:10.938109,-0.055480719048475916,0.028732256532279954,1.0272148462825168,live
2025-09-17 12:58:10.981229,-0.07141074123017922,-0.006473992574571128,1.0026391512809347,live
2025-09-17 12:58:10.988314,0.057018213288504295,-0.007185099224235618,0.9499416097644169,live
2025-09-17 12:58:12.932732,-0.10700423093590006,-0.03790922182306663,1.0044782859445074,live
2025-09-17 12:58:12.933606,0.07313926681953363,0.023235460413480923,0.8092479183153212,live
2025-09-17 12:58:12.994622,-0.03097181394956356,-0.16579378107898918,0.9703365367503307,live
2025-09-17 12:58:13.012148,-0.020134970926584575,0.13936843342269697,0.9585218117612199,live
2025-09-17 12:58:14.931153,-0.06123389165984969,-0.07920892728420623,0.9401356836023561,live
2025-09-17 12:58:14.931560,-0.0742102924850378,0.010163788793642901,1.1220478107422387,live
2025-09-17 12:58:14.981987,-0.124568462093903,-0.10732403691490598,0.8708438976857651,live
2025-09-17 12:58:14.994734,-0.0511482230482052,-0.04385817536292816,0.8395349591268604,live
2025-09-17 12:58:16.933254,-0.0055199536050032395,-0.18222297650577146,0.9688074505225468,live
2025-09-17 12:58:16.934196,-0.06480320385029804,-0.022833067268150917,0.980931177550211,live
2025-09-17 12:58:17.000240,-0.0990195294151474,-0.10726241492155178,0.9402811188708241,live
