Timestamp,Date,Time,Humidity (%),Temperature (Â°C)
20250819213909,2025-08-19,21:39:09,55.0,15.0
20250819213911,2025-08-19,21:39:11,55.0,15.0
20250819213913,2025-08-19,21:39:13,55.0,15.0
20250819213915,2025-08-19,21:39:15,55.0,15.0
20250819213917,2025-08-19,21:39:17,55.0,15.0
20250819213919,2025-08-19,21:39:19,55.0,15.0
20250819213921,2025-08-19,21:39:21,55.0,15.0
20250819213924,2025-08-19,21:39:24,55.0,15.0
20250819213926,2025-08-19,21:39:26,55.0,15.0
20250819213928,2025-08-19,21:39:28,55.0,15.0
20250819213930,2025-08-19,21:39:30,55.0,15.0
20250819213932,2025-08-19,21:39:32,55.0,15.0
20250819213934,2025-08-19,21:39:34,55.0,15.0
20250819213936,2025-08-19,21:39:36,55.0,15.0
20250819213938,2025-08-19,21:39:38,55.0,15.0
20250819213940,2025-08-19,21:39:40,55.0,15.0
20250819213942,2025-08-19,21:39:42,55.0,15.0
20250819213944,2025-08-19,21:39:44,55.0,15.0
20250819213946,2025-08-19,21:39:46,55.0,15.0
20250819213948,2025-08-19,21:39:48,55.0,15.0
20250819213950,2025-08-19,21:39:50,55.0,15.0
20250819213952,2025-08-19,21:39:52,55.0,15.0
20250819213954,2025-08-19,21:39:54,55.0,15.0
20250819213956,2025-08-19,21:39:56,55.0,15.0
20250819213958,2025-08-19,21:39:58,55.0,15.0
20250819214000,2025-08-19,21:40:00,55.0,15.0
20250819214002,2025-08-19,21:40:02,55.0,15.0
20250819214004,2025-08-19,21:40:04,55.0,15.0
20250819214006,2025-08-19,21:40:06,55.0,15.0
20250819214008,2025-08-19,21:40:08,55.0,15.0
20250819214010,2025-08-19,21:40:10,55.0,15.0
20250819214012,2025-08-19,21:40:12,56.0,15.0
20250819214014,2025-08-19,21:40:14,55.0,15.0
20250819214016,2025-08-19,21:40:16,56.0,15.0
20250819214018,2025-08-19,21:40:18,56.0,15.0
20250819214020,2025-08-19,21:40:20,55.0,15.0
20250819214022,2025-08-19,21:40:22,56.0,15.0
20250819214024,2025-08-19,21:40:24,55.0,15.0
20250819214026,2025-08-19,21:40:26,55.0,15.0
20250819214028,2025-08-19,21:40:28,55.0,15.0
20250819214030,2025-08-19,21:40:30,56.0,15.0
20250819214032,2025-08-19,21:40:32,56.0,15.0
20250819214034,2025-08-19,21:40:34,55.0,15.0
20250819214036,2025-08-19,21:40:36,56.0,15.0
20250819214038,2025-08-19,21:40:38,55.0,15.0
20250819214040,2025-08-19,21:40:40,55.0,15.0
20250819214042,2025-08-19,21:40:42,55.0,15.0
20250819214045,2025-08-19,21:40:45,55.0,15.0
20250819214047,2025-08-19,21:40:47,55.0,15.0
20250819214049,2025-08-19,21:40:49,55.0,15.0
20250819214051,2025-08-19,21:40:51,55.0,15.0
20250819214053,2025-08-19,21:40:53,55.0,15.0
20250819214055,2025-08-19,21:40:55,55.0,15.0
20250819214057,2025-08-19,21:40:57,55.0,15.0
20250819214059,2025-08-19,21:40:59,55.0,15.0
20250819214101,2025-08-19,21:41:01,55.0,15.0
20250819214103,2025-08-19,21:41:03,55.0,15.0
20250819214105,2025-08-19,21:41:05,55.0,15.0
20250819214107,2025-08-19,21:41:07,55.0,15.0
20250819214109,2025-08-19,21:41:09,55.0,15.0
20250819214111,2025-08-19,21:41:11,55.0,15.0
20250819214113,2025-08-19,21:41:13,55.0,15.0
20250819214115,2025-08-19,21:41:15,55.0,15.0
20250819214117,2025-08-19,21:41:17,55.0,15.0
20250819214119,2025-08-19,21:41:19,55.0,15.0
20250819214121,2025-08-19,21:41:21,55.0,15.0
20250819214123,2025-08-19,21:41:23,55.0,15.0
20250819214125,2025-08-19,21:41:25,55.0,15.0
20250819214127,2025-08-19,21:41:27,55.0,15.0
20250819214129,2025-08-19,21:41:29,55.0,15.0
20250819214131,2025-08-19,21:41:31,56.0,15.0
20250819214133,2025-08-19,21:41:33,56.0,15.0
20250819214135,2025-08-19,21:41:35,56.0,15.0
20250819214137,2025-08-19,21:41:37,56.0,15.0
20250819214139,2025-08-19,21:41:39,56.0,15.0
20250819214141,2025-08-19,21:41:41,56.0,15.0
20250819214143,2025-08-19,21:41:43,56.0,15.0
20250819214145,2025-08-19,21:41:45,56.0,15.0
20250819214147,2025-08-19,21:41:47,56.0,15.0
20250819214149,2025-08-19,21:41:49,56.0,15.0
20250819214151,2025-08-19,21:41:51,56.0,15.0
20250819214153,2025-08-19,21:41:53,56.0,15.0
20250819214155,2025-08-19,21:41:55,56.0,15.0
20250819214157,2025-08-19,21:41:57,56.0,15.0
20250819214159,2025-08-19,21:41:59,56.0,15.0
20250819214201,2025-08-19,21:42:01,56.0,15.0
20250819214203,2025-08-19,21:42:03,56.0,15.0
20250819214206,2025-08-19,21:42:06,56.0,15.0
20250819214208,2025-08-19,21:42:08,56.0,15.0
20250819214210,2025-08-19,21:42:10,56.0,15.0
20250819214212,2025-08-19,21:42:12,56.0,15.0
20250819214214,2025-08-19,21:42:14,56.0,15.0
20250819214216,2025-08-19,21:42:16,56.0,15.0
20250819214218,2025-08-19,21:42:18,56.0,15.0
20250819214220,2025-08-19,21:42:20,56.0,15.0
20250819214222,2025-08-19,21:42:22,56.0,15.0
20250819214224,2025-08-19,21:42:24,56.0,14.0
20250819214226,2025-08-19,21:42:26,56.0,14.0
20250819214228,2025-08-19,21:42:28,56.0,14.0
20250819214230,2025-08-19,21:42:30,56.0,14.0
20250819214232,2025-08-19,21:42:32,56.0,15.0
20250819214234,2025-08-19,21:42:34,56.0,14.0
20250819214236,2025-08-19,21:42:36,55.0,14.0
20250819214238,2025-08-19,21:42:38,56.0,15.0
20250819214240,2025-08-19,21:42:40,55.0,14.0
20250819214242,2025-08-19,21:42:42,56.0,14.0
20250819214244,2025-08-19,21:42:44,55.0,14.0
20250819214246,2025-08-19,21:42:46,55.0,14.0
20250819214248,2025-08-19,21:42:48,55.0,14.0
20250819214250,2025-08-19,21:42:50,55.0,14.0
20250819214252,2025-08-19,21:42:52,55.0,14.0
20250819214254,2025-08-19,21:42:54,55.0,14.0
20250819214256,2025-08-19,21:42:56,55.0,14.0
20250819214258,2025-08-19,21:42:58,55.0,14.0
20250819214300,2025-08-19,21:43:00,55.0,14.0
20250819214302,2025-08-19,21:43:02,55.0,14.0
20250819214304,2025-08-19,21:43:04,55.0,14.0
20250819214306,2025-08-19,21:43:06,55.0,14.0
20250819214308,2025-08-19,21:43:08,56.0,14.0
20250819214310,2025-08-19,21:43:10,56.0,14.0
20250819214312,2025-08-19,21:43:12,56.0,14.0
20250819214314,2025-08-19,21:43:14,56.0,14.0
20250819214316,2025-08-19,21:43:16,56.0,14.0
20250819214318,2025-08-19,21:43:18,56.0,14.0
20250819214320,2025-08-19,21:43:20,56.0,14.0
20250819214322,2025-08-19,21:43:22,56.0,14.0
20250819214324,2025-08-19,21:43:24,56.0,14.0
20250819214327,2025-08-19,21:43:27,56.0,14.0
20250819214329,2025-08-19,21:43:29,56.0,14.0
20250819214331,2025-08-19,21:43:31,56.0,14.0
20250819214333,2025-08-19,21:43:33,56.0,14.0
20250819214335,2025-08-19,21:43:35,56.0,14.0
20250819214337,2025-08-19,21:43:37,56.0,14.0
20250819214339,2025-08-19,21:43:39,56.0,14.0
20250819214341,2025-08-19,21:43:41,56.0,14.0
20250819214343,2025-08-19,21:43:43,56.0,14.0
20250819214345,2025-08-19,21:43:45,56.0,14.0
20250819214347,2025-08-19,21:43:47,56.0,14.0
20250819214349,2025-08-19,21:43:49,56.0,14.0
20250819214351,2025-08-19,21:43:51,56.0,14.0
20250819214353,2025-08-19,21:43:53,56.0,14.0
20250819214355,2025-08-19,21:43:55,56.0,14.0
20250819214357,2025-08-19,21:43:57,56.0,14.0
20250819214359,2025-08-19,21:43:59,56.0,14.0
20250819214401,2025-08-19,21:44:01,56.0,14.0
20250819214403,2025-08-19,21:44:03,56.0,14.0
20250819214405,2025-08-19,21:44:05,56.0,14.0
20250819214407,2025-08-19,21:44:07,56.0,14.0
20250819214409,2025-08-19,21:44:09,56.0,14.0
20250819214411,2025-08-19,21:44:11,56.0,14.0
20250819214413,2025-08-19,21:44:13,56.0,14.0
20250819214415,2025-08-19,21:44:15,56.0,14.0
20250819214417,2025-08-19,21:44:17,56.0,14.0
20250819214419,2025-08-19,21:44:19,56.0,14.0
20250819214421,2025-08-19,21:44:21,56.0,14.0
20250819214423,2025-08-19,21:44:23,56.0,14.0
20250819214425,2025-08-19,21:44:25,56.0,14.0
20250819214427,2025-08-19,21:44:27,56.0,14.0
20250819214429,2025-08-19,21:44:29,56.0,14.0
20250819214431,2025-08-19,21:44:31,56.0,14.0
20250819214433,2025-08-19,21:44:33,56.0,14.0
20250819214435,2025-08-19,21:44:35,56.0,14.0
20250819214437,2025-08-19,21:44:37,56.0,14.0
20250819214439,2025-08-19,21:44:39,56.0,14.0
20250819214441,2025-08-19,21:44:41,56.0,14.0
20250819214443,2025-08-19,21:44:43,56.0,14.0
20250819214446,2025-08-19,21:44:46,56.0,14.0
20250819214448,2025-08-19,21:44:48,56.0,14.0
20250819214450,2025-08-19,21:44:50,56.0,14.0
20250819214452,2025-08-19,21:44:52,56.0,14.0
20250819214454,2025-08-19,21:44:54,56.0,14.0
20250819214456,2025-08-19,21:44:56,56.0,14.0
20250819214458,2025-08-19,21:44:58,56.0,14.0
20250819214500,2025-08-19,21:45:00,56.0,14.0
20250819214502,2025-08-19,21:45:02,56.0,14.0
20250819214504,2025-08-19,21:45:04,56.0,14.0
20250819214506,2025-08-19,21:45:06,56.0,14.0
20250819214508,2025-08-19,21:45:08,56.0,14.0
20250819214510,2025-08-19,21:45:10,56.0,14.0
20250819214512,2025-08-19,21:45:12,56.0,14.0
20250819214514,2025-08-19,21:45:14,56.0,14.0
20250819214516,2025-08-19,21:45:16,56.0,14.0
20250819214518,2025-08-19,21:45:18,56.0,14.0
20250819214520,2025-08-19,21:45:20,56.0,14.0
20250819214522,2025-08-19,21:45:22,56.0,14.0
20250819214524,2025-08-19,21:45:24,56.0,14.0
20250819214526,2025-08-19,21:45:26,56.0,14.0
20250819214528,2025-08-19,21:45:28,56.0,14.0
20250819214530,2025-08-19,21:45:30,56.0,14.0
20250819214532,2025-08-19,21:45:32,56.0,14.0
20250819214534,2025-08-19,21:45:34,56.0,14.0
20250819214536,2025-08-19,21:45:36,56.0,14.0
20250819214538,2025-08-19,21:45:38,56.0,14.0
20250819214540,2025-08-19,21:45:40,56.0,14.0
20250819214542,2025-08-19,21:45:42,56.0,14.0
20250819214544,2025-08-19,21:45:44,56.0,14.0
20250819214546,2025-08-19,21:45:46,56.0,14.0
20250819214548,2025-08-19,21:45:48,56.0,14.0
20250819214550,2025-08-19,21:45:50,56.0,14.0
20250819214552,2025-08-19,21:45:52,56.0,14.0
20250819214554,2025-08-19,21:45:54,56.0,14.0
20250819214556,2025-08-19,21:45:56,56.0,14.0
20250819214558,2025-08-19,21:45:58,55.0,14.0
20250819214600,2025-08-19,21:46:00,55.0,14.0
20250819214602,2025-08-19,21:46:02,55.0,14.0
20250819214604,2025-08-19,21:46:04,55.0,14.0
20250819214607,2025-08-19,21:46:07,55.0,14.0
20250819214609,2025-08-19,21:46:09,55.0,14.0
20250819214611,2025-08-19,21:46:11,55.0,14.0
20250819214613,2025-08-19,21:46:13,55.0,14.0
20250819214615,2025-08-19,21:46:15,55.0,14.0
20250819214617,2025-08-19,21:46:17,55.0,14.0
20250819214619,2025-08-19,21:46:19,55.0,14.0
20250819214621,2025-08-19,21:46:21,55.0,14.0
20250819214623,2025-08-19,21:46:23,55.0,14.0
20250819214625,2025-08-19,21:46:25,55.0,14.0
20250819214627,2025-08-19,21:46:27,55.0,14.0
20250819214629,2025-08-19,21:46:29,55.0,14.0
20250819214631,2025-08-19,21:46:31,55.0,14.0
20250819214633,2025-08-19,21:46:33,55.0,14.0
20250819214635,2025-08-19,21:46:35,55.0,14.0
20250819214637,2025-08-19,21:46:37,55.0,14.0
20250819214639,2025-08-19,21:46:39,55.0,14.0
20250819214641,2025-08-19,21:46:41,55.0,14.0
20250819214643,2025-08-19,21:46:43,55.0,14.0
20250819214645,2025-08-19,21:46:45,55.0,14.0
20250819214647,2025-08-19,21:46:47,55.0,14.0
20250819214649,2025-08-19,21:46:49,55.0,14.0
20250819214651,2025-08-19,21:46:51,55.0,14.0
20250819214653,2025-08-19,21:46:53,55.0,14.0
20250819214655,2025-08-19,21:46:55,55.0,14.0
20250819214657,2025-08-19,21:46:57,55.0,14.0
20250819214659,2025-08-19,21:46:59,55.0,14.0
20250819214701,2025-08-19,21:47:01,55.0,14.0
20250819214703,2025-08-19,21:47:03,55.0,14.0
20250819214705,2025-08-19,21:47:05,55.0,14.0
20250819214707,2025-08-19,21:47:07,55.0,14.0
20250819214709,2025-08-19,21:47:09,55.0,14.0
20250819214711,2025-08-19,21:47:11,55.0,14.0
20250819214713,2025-08-19,21:47:13,55.0,14.0
20250819214715,2025-08-19,21:47:15,55.0,14.0
20250819214717,2025-08-19,21:47:17,55.0,14.0
20250819214719,2025-08-19,21:47:19,55.0,14.0
20250819214818,2025-08-19,21:48:18,55.0,14.0
20250819214820,2025-08-19,21:48:20,55.0,14.0
20250819214822,2025-08-19,21:48:22,55.0,14.0
20250819214824,2025-08-19,21:48:24,55.0,14.0
20250819214826,2025-08-19,21:48:26,55.0,14.0
20250819214828,2025-08-19,21:48:28,55.0,14.0
20250819214830,2025-08-19,21:48:30,55.0,14.0
20250819214832,2025-08-19,21:48:32,55.0,14.0
20250819214834,2025-08-19,21:48:34,55.0,14.0
20250819214836,2025-08-19,21:48:36,55.0,14.0
20250819214838,2025-08-19,21:48:38,55.0,14.0
20250819214840,2025-08-19,21:48:40,55.0,14.0
20250819214842,2025-08-19,21:48:42,55.0,14.0
20250819214844,2025-08-19,21:48:44,55.0,14.0
20250819214847,2025-08-19,21:48:47,55.0,14.0
20250819214849,2025-08-19,21:48:49,56.0,14.0
20250819214851,2025-08-19,21:48:51,56.0,14.0
20250819214853,2025-08-19,21:48:53,56.0,14.0
20250819214855,2025-08-19,21:48:55,56.0,14.0
20250819214857,2025-08-19,21:48:57,56.0,14.0
20250819214859,2025-08-19,21:48:59,56.0,14.0
20250819214901,2025-08-19,21:49:01,56.0,14.0
20250819214903,2025-08-19,21:49:03,56.0,14.0
20250819214905,2025-08-19,21:49:05,56.0,14.0
20250819214907,2025-08-19,21:49:07,56.0,14.0
20250819214909,2025-08-19,21:49:09,56.0,14.0
20250819214911,2025-08-19,21:49:11,56.0,14.0
20250819214913,2025-08-19,21:49:13,56.0,14.0
20250819214915,2025-08-19,21:49:15,56.0,14.0
20250819214917,2025-08-19,21:49:17,56.0,14.0
20250819214919,2025-08-19,21:49:19,56.0,14.0
20250819214921,2025-08-19,21:49:21,56.0,14.0
20250819214923,2025-08-19,21:49:23,56.0,14.0
20250819214925,2025-08-19,21:49:25,56.0,14.0
20250819214927,2025-08-19,21:49:27,56.0,14.0
20250819214929,2025-08-19,21:49:29,56.0,14.0
20250819214931,2025-08-19,21:49:31,56.0,14.0
20250819214933,2025-08-19,21:49:33,56.0,14.0
20250819214935,2025-08-19,21:49:35,56.0,14.0
20250819214937,2025-08-19,21:49:37,56.0,14.0
20250819214939,2025-08-19,21:49:39,56.0,14.0
20250819214941,2025-08-19,21:49:41,56.0,14.0
20250819214943,2025-08-19,21:49:43,56.0,14.0
20250819214945,2025-08-19,21:49:45,56.0,14.0
20250819214947,2025-08-19,21:49:47,56.0,14.0
20250819214949,2025-08-19,21:49:49,57.0,14.0
20250819214951,2025-08-19,21:49:51,57.0,14.0
20250819214953,2025-08-19,21:49:53,57.0,14.0
20250819214955,2025-08-19,21:49:55,57.0,14.0
20250819214957,2025-08-19,21:49:57,57.0,14.0
20250819214959,2025-08-19,21:49:59,57.0,14.0
20250819215001,2025-08-19,21:50:01,57.0,14.0
20250819215003,2025-08-19,21:50:03,57.0,14.0
20250819215005,2025-08-19,21:50:05,57.0,14.0
20250819215008,2025-08-19,21:50:08,57.0,14.0
20250819215010,2025-08-19,21:50:10,57.0,14.0
20250819215012,2025-08-19,21:50:12,57.0,14.0
20250819215014,2025-08-19,21:50:14,57.0,14.0
20250819215016,2025-08-19,21:50:16,57.0,14.0
20250819215018,2025-08-19,21:50:18,57.0,14.0
20250819215020,2025-08-19,21:50:20,57.0,14.0
20250819215022,2025-08-19,21:50:22,57.0,14.0
20250819215024,2025-08-19,21:50:24,57.0,14.0
20250819215026,2025-08-19,21:50:26,57.0,14.0
20250819215028,2025-08-19,21:50:28,57.0,14.0
20250819215030,2025-08-19,21:50:30,57.0,14.0
20250819215032,2025-08-19,21:50:32,57.0,14.0
20250819215034,2025-08-19,21:50:34,57.0,14.0
20250819215036,2025-08-19,21:50:36,57.0,14.0
20250819215038,2025-08-19,21:50:38,57.0,14.0
20250819215040,2025-08-19,21:50:40,57.0,14.0
20250819215042,2025-08-19,21:50:42,57.0,14.0
20250819215044,2025-08-19,21:50:44,57.0,14.0
20250819215046,2025-08-19,21:50:46,57.0,14.0
20250819215048,2025-08-19,21:50:48,57.0,14.0
20250819215050,2025-08-19,21:50:50,57.0,14.0
20250819215052,2025-08-19,21:50:52,57.0,14.0
20250819215054,2025-08-19,21:50:54,57.0,14.0
20250819215056,2025-08-19,21:50:56,57.0,14.0
20250819215058,2025-08-19,21:50:58,57.0,14.0
20250819215100,2025-08-19,21:51:00,57.0,14.0
20250819215102,2025-08-19,21:51:02,57.0,14.0
20250819215104,2025-08-19,21:51:04,57.0,14.0
20250819215106,2025-08-19,21:51:06,57.0,14.0
20250819215108,2025-08-19,21:51:08,57.0,14.0
20250819215110,2025-08-19,21:51:10,57.0,14.0
20250819215112,2025-08-19,21:51:12,57.0,14.0
20250819215114,2025-08-19,21:51:14,57.0,14.0
20250819215116,2025-08-19,21:51:16,57.0,14.0
20250819215118,2025-08-19,21:51:18,57.0,14.0
20250819215120,2025-08-19,21:51:20,57.0,14.0
20250819215122,2025-08-19,21:51:22,57.0,14.0
20250819215124,2025-08-19,21:51:24,57.0,14.0
20250819215126,2025-08-19,21:51:26,57.0,14.0
20250819215129,2025-08-19,21:51:29,57.0,14.0
20250819215131,2025-08-19,21:51:31,57.0,14.0
20250819215133,2025-08-19,21:51:33,57.0,14.0
20250819215135,2025-08-19,21:51:35,57.0,14.0
20250819215137,2025-08-19,21:51:37,57.0,14.0
20250819215139,2025-08-19,21:51:39,57.0,14.0
20250819215141,2025-08-19,21:51:41,57.0,14.0
20250819215143,2025-08-19,21:51:43,57.0,14.0
20250819215145,2025-08-19,21:51:45,57.0,14.0
20250819215147,2025-08-19,21:51:47,57.0,14.0
20250819215149,2025-08-19,21:51:49,57.0,14.0
20250819215151,2025-08-19,21:51:51,57.0,14.0
20250819215153,2025-08-19,21:51:53,57.0,14.0
20250819215155,2025-08-19,21:51:55,57.0,14.0
20250819215157,2025-08-19,21:51:57,57.0,14.0
20250819215159,2025-08-19,21:51:59,57.0,14.0
20250819215201,2025-08-19,21:52:01,57.0,14.0
20250819215203,2025-08-19,21:52:03,57.0,14.0
20250819215205,2025-08-19,21:52:05,57.0,14.0
20250819215207,2025-08-19,21:52:07,57.0,14.0
20250819215209,2025-08-19,21:52:09,57.0,14.0
20250819215211,2025-08-19,21:52:11,57.0,14.0
20250819215213,2025-08-19,21:52:13,57.0,14.0
20250819215215,2025-08-19,21:52:15,57.0,14.0
20250819215217,2025-08-19,21:52:17,57.0,14.0
20250819215219,2025-08-19,21:52:19,57.0,14.0
20250819215221,2025-08-19,21:52:21,57.0,14.0
20250819215223,2025-08-19,21:52:23,57.0,14.0
20250819215225,2025-08-19,21:52:25,57.0,14.0
20250819215227,2025-08-19,21:52:27,57.0,14.0
20250819215229,2025-08-19,21:52:29,57.0,14.0
20250819215231,2025-08-19,21:52:31,57.0,14.0
20250819215233,2025-08-19,21:52:33,57.0,14.0
20250819215235,2025-08-19,21:52:35,57.0,14.0
20250819215237,2025-08-19,21:52:37,57.0,14.0
20250819215239,2025-08-19,21:52:39,57.0,14.0
20250819215241,2025-08-19,21:52:41,57.0,14.0
20250819215243,2025-08-19,21:52:43,57.0,14.0
20250819215245,2025-08-19,21:52:45,57.0,14.0
20250819215247,2025-08-19,21:52:47,57.0,14.0
20250819215250,2025-08-19,21:52:50,57.0,14.0
20250819215252,2025-08-19,21:52:52,57.0,14.0
20250819215254,2025-08-19,21:52:54,57.0,14.0
20250819215256,2025-08-19,21:52:56,57.0,14.0
20250819215258,2025-08-19,21:52:58,57.0,14.0
20250819215300,2025-08-19,21:53:00,57.0,14.0
20250819215302,2025-08-19,21:53:02,57.0,14.0
20250819215304,2025-08-19,21:53:04,57.0,14.0
20250819215306,2025-08-19,21:53:06,57.0,14.0
20250819215308,2025-08-19,21:53:08,57.0,14.0
20250819215310,2025-08-19,21:53:10,57.0,14.0
20250819215312,2025-08-19,21:53:12,57.0,14.0
20250819215314,2025-08-19,21:53:14,57.0,14.0
20250819215316,2025-08-19,21:53:16,57.0,14.0
20250819215318,2025-08-19,21:53:18,57.0,14.0
20250819215320,2025-08-19,21:53:20,57.0,14.0
20250819215322,2025-08-19,21:53:22,57.0,14.0
20250819215324,2025-08-19,21:53:24,57.0,14.0
20250819215326,2025-08-19,21:53:26,57.0,14.0
20250819215328,2025-08-19,21:53:28,57.0,14.0
20250819215330,2025-08-19,21:53:30,57.0,14.0
20250819215332,2025-08-19,21:53:32,57.0,14.0
20250819215334,2025-08-19,21:53:34,57.0,14.0
20250819215336,2025-08-19,21:53:36,57.0,14.0
20250819215338,2025-08-19,21:53:38,57.0,14.0
20250819215340,2025-08-19,21:53:40,57.0,14.0
20250819215342,2025-08-19,21:53:42,57.0,14.0
20250819215344,2025-08-19,21:53:44,57.0,14.0
20250819215346,2025-08-19,21:53:46,57.0,14.0
20250819215348,2025-08-19,21:53:48,57.0,14.0
20250819215350,2025-08-19,21:53:50,57.0,14.0
20250819215352,2025-08-19,21:53:52,57.0,14.0
20250819215354,2025-08-19,21:53:54,57.0,14.0
20250819215356,2025-08-19,21:53:56,57.0,14.0
20250819215358,2025-08-19,21:53:58,57.0,14.0
20250819215400,2025-08-19,21:54:00,57.0,14.0
20250819215402,2025-08-19,21:54:02,57.0,14.0
20250819215404,2025-08-19,21:54:04,57.0,14.0
20250819215406,2025-08-19,21:54:06,57.0,14.0
20250819215409,2025-08-19,21:54:09,57.0,14.0
20250819215411,2025-08-19,21:54:11,57.0,14.0
20250819215413,2025-08-19,21:54:13,57.0,14.0
20250819215415,2025-08-19,21:54:15,57.0,14.0
20250819215417,2025-08-19,21:54:17,57.0,14.0
20250819215419,2025-08-19,21:54:19,57.0,14.0
20250819215421,2025-08-19,21:54:21,57.0,14.0
20250819215423,2025-08-19,21:54:23,57.0,14.0
20250819215425,2025-08-19,21:54:25,57.0,14.0
20250819215427,2025-08-19,21:54:27,57.0,14.0
20250819215429,2025-08-19,21:54:29,57.0,14.0
20250819215431,2025-08-19,21:54:31,57.0,14.0
20250819215433,2025-08-19,21:54:33,57.0,14.0
20250819215435,2025-08-19,21:54:35,57.0,14.0
20250819215437,2025-08-19,21:54:37,57.0,14.0
20250819215439,2025-08-19,21:54:39,57.0,14.0
20250819215441,2025-08-19,21:54:41,57.0,14.0
20250819215443,2025-08-19,21:54:43,57.0,14.0
20250819215445,2025-08-19,21:54:45,57.0,14.0
20250819215447,2025-08-19,21:54:47,57.0,14.0
20250819215449,2025-08-19,21:54:49,57.0,14.0
20250819215451,2025-08-19,21:54:51,57.0,14.0
20250819215453,2025-08-19,21:54:53,57.0,14.0
20250819215455,2025-08-19,21:54:55,57.0,14.0
20250819215457,2025-08-19,21:54:57,57.0,14.0
20250819215459,2025-08-19,21:54:59,57.0,14.0
20250819215501,2025-08-19,21:55:01,57.0,14.0
20250819215503,2025-08-19,21:55:03,57.0,14.0
20250819215505,2025-08-19,21:55:05,57.0,14.0
20250819215507,2025-08-19,21:55:07,57.0,14.0
20250819215509,2025-08-19,21:55:09,57.0,14.0
20250819215511,2025-08-19,21:55:11,57.0,14.0
20250819215513,2025-08-19,21:55:13,57.0,14.0
20250819215515,2025-08-19,21:55:15,57.0,14.0
20250819215517,2025-08-19,21:55:17,57.0,14.0
20250819215519,2025-08-19,21:55:19,57.0,14.0
20250819215521,2025-08-19,21:55:21,57.0,14.0
20250819215523,2025-08-19,21:55:23,57.0,14.0
20250819215525,2025-08-19,21:55:25,57.0,14.0
20250819215527,2025-08-19,21:55:27,57.0,14.0
20250819215530,2025-08-19,21:55:30,57.0,14.0
20250819215532,2025-08-19,21:55:32,57.0,14.0
20250819215534,2025-08-19,21:55:34,57.0,14.0
20250819215536,2025-08-19,21:55:36,57.0,14.0
20250819215538,2025-08-19,21:55:38,57.0,14.0
20250819215540,2025-08-19,21:55:40,57.0,14.0
20250819215542,2025-08-19,21:55:42,57.0,14.0
20250819215544,2025-08-19,21:55:44,57.0,14.0
20250819215546,2025-08-19,21:55:46,57.0,14.0
20250819215548,2025-08-19,21:55:48,57.0,14.0
20250819215550,2025-08-19,21:55:50,57.0,14.0
20250819215552,2025-08-19,21:55:52,57.0,14.0
20250819215554,2025-08-19,21:55:54,57.0,14.0
20250819215556,2025-08-19,21:55:56,57.0,14.0
20250819215558,2025-08-19,21:55:58,57.0,14.0
20250819215600,2025-08-19,21:56:00,57.0,14.0
20250819215602,2025-08-19,21:56:02,57.0,14.0
20250819215604,2025-08-19,21:56:04,57.0,14.0
20250819215606,2025-08-19,21:56:06,57.0,14.0
20250819215608,2025-08-19,21:56:08,57.0,14.0
20250819215610,2025-08-19,21:56:10,57.0,14.0
20250819215612,2025-08-19,21:56:12,57.0,14.0
20250819215614,2025-08-19,21:56:14,57.0,14.0
20250819215616,2025-08-19,21:56:16,57.0,14.0
20250819215618,2025-08-19,21:56:18,57.0,14.0
20250819215620,2025-08-19,21:56:20,57.0,14.0
20250819215622,2025-08-19,21:56:22,57.0,14.0
20250819215624,2025-08-19,21:56:24,57.0,14.0
20250819215626,2025-08-19,21:56:26,57.0,14.0
20250819215628,2025-08-19,21:56:28,57.0,14.0
20250819215630,2025-08-19,21:56:30,57.0,14.0
20250819215632,2025-08-19,21:56:32,57.0,14.0
20250819215634,2025-08-19,21:56:34,57.0,14.0
20250819215636,2025-08-19,21:56:36,57.0,14.0
20250819215638,2025-08-19,21:56:38,57.0,14.0
20250819215640,2025-08-19,21:56:40,57.0,14.0
20250819215642,2025-08-19,21:56:42,57.0,14.0
20250819215644,2025-08-19,21:56:44,57.0,14.0
20250819215646,2025-08-19,21:56:46,57.0,14.0
20250819215648,2025-08-19,21:56:48,57.0,14.0
20250819215651,2025-08-19,21:56:51,57.0,14.0
20250819215653,2025-08-19,21:56:53,57.0,14.0
20250819215655,2025-08-19,21:56:55,57.0,14.0
20250819215657,2025-08-19,21:56:57,57.0,14.0
20250819215659,2025-08-19,21:56:59,57.0,14.0
20250819215701,2025-08-19,21:57:01,57.0,14.0
20250819215703,2025-08-19,21:57:03,57.0,14.0
20250819215705,2025-08-19,21:57:05,57.0,14.0
20250819215707,2025-08-19,21:57:07,57.0,14.0
20250819215709,2025-08-19,21:57:09,57.0,14.0
20250819215711,2025-08-19,21:57:11,57.0,14.0
20250819215713,2025-08-19,21:57:13,57.0,14.0
20250819215715,2025-08-19,21:57:15,57.0,14.0
20250819215717,2025-08-19,21:57:17,57.0,14.0
20250819215719,2025-08-19,21:57:19,57.0,14.0
20250819215721,2025-08-19,21:57:21,57.0,14.0
20250819215723,2025-08-19,21:57:23,57.0,14.0
20250819215725,2025-08-19,21:57:25,57.0,14.0
20250819215727,2025-08-19,21:57:27,57.0,14.0
20250819215729,2025-08-19,21:57:29,57.0,14.0
20250819215731,2025-08-19,21:57:31,57.0,14.0
20250819215733,2025-08-19,21:57:33,57.0,14.0
20250819215735,2025-08-19,21:57:35,57.0,14.0
20250819215737,2025-08-19,21:57:37,57.0,14.0
20250819215739,2025-08-19,21:57:39,57.0,14.0
20250819215741,2025-08-19,21:57:41,57.0,14.0
20250819215743,2025-08-19,21:57:43,57.0,14.0
20250819215745,2025-08-19,21:57:45,57.0,14.0
20250819215747,2025-08-19,21:57:47,57.0,14.0
20250819215749,2025-08-19,21:57:49,57.0,14.0
20250819215751,2025-08-19,21:57:51,57.0,14.0
20250819215753,2025-08-19,21:57:53,57.0,14.0
20250819215755,2025-08-19,21:57:55,57.0,14.0
20250819215757,2025-08-19,21:57:57,57.0,14.0
20250819215759,2025-08-19,21:57:59,57.0,14.0
20250819215801,2025-08-19,21:58:01,57.0,14.0
20250819215803,2025-08-19,21:58:03,57.0,14.0
20250819215805,2025-08-19,21:58:05,57.0,14.0
20250819215807,2025-08-19,21:58:07,57.0,14.0
20250819215810,2025-08-19,21:58:10,57.0,14.0
20250819215812,2025-08-19,21:58:12,57.0,14.0
20250819215814,2025-08-19,21:58:14,57.0,14.0
20250819215816,2025-08-19,21:58:16,57.0,14.0
20250819215818,2025-08-19,21:58:18,57.0,14.0
20250819215820,2025-08-19,21:58:20,57.0,14.0
20250819215822,2025-08-19,21:58:22,57.0,14.0
20250819215824,2025-08-19,21:58:24,57.0,14.0
20250819215826,2025-08-19,21:58:26,57.0,14.0
20250819215828,2025-08-19,21:58:28,57.0,14.0
20250819215830,2025-08-19,21:58:30,57.0,14.0
20250819215832,2025-08-19,21:58:32,57.0,14.0
20250819215834,2025-08-19,21:58:34,57.0,14.0
20250819215836,2025-08-19,21:58:36,57.0,14.0
20250819215838,2025-08-19,21:58:38,57.0,14.0
20250819215840,2025-08-19,21:58:40,57.0,14.0
20250819215842,2025-08-19,21:58:42,57.0,14.0
20250819215844,2025-08-19,21:58:44,57.0,14.0
20250819215846,2025-08-19,21:58:46,57.0,14.0
20250819215848,2025-08-19,21:58:48,57.0,14.0
20250819215850,2025-08-19,21:58:50,57.0,14.0
20250819215852,2025-08-19,21:58:52,57.0,14.0
20250819215854,2025-08-19,21:58:54,57.0,14.0
20250819215856,2025-08-19,21:58:56,57.0,14.0
20250819215858,2025-08-19,21:58:58,57.0,14.0
20250819215900,2025-08-19,21:59:00,57.0,14.0
20250819215902,2025-08-19,21:59:02,57.0,14.0
20250819215904,2025-08-19,21:59:04,57.0,14.0
20250819215906,2025-08-19,21:59:06,57.0,14.0
20250819215908,2025-08-19,21:59:08,57.0,14.0
20250819215910,2025-08-19,21:59:10,57.0,14.0
20250819215912,2025-08-19,21:59:12,57.0,14.0
20250819215914,2025-08-19,21:59:14,57.0,14.0
20250819215916,2025-08-19,21:59:16,57.0,14.0
20250819215918,2025-08-19,21:59:18,57.0,14.0
20250819215920,2025-08-19,21:59:20,57.0,14.0
20250819215922,2025-08-19,21:59:22,57.0,14.0
20250819215924,2025-08-19,21:59:24,57.0,14.0
20250819215926,2025-08-19,21:59:26,57.0,14.0
20250819215928,2025-08-19,21:59:28,57.0,14.0
20250819215931,2025-08-19,21:59:31,57.0,14.0
20250819215933,2025-08-19,21:59:33,57.0,14.0
20250819215935,2025-08-19,21:59:35,57.0,14.0
20250819215937,2025-08-19,21:59:37,57.0,14.0
20250819215939,2025-08-19,21:59:39,57.0,14.0
20250819215941,2025-08-19,21:59:41,57.0,14.0
20250819215943,2025-08-19,21:59:43,57.0,14.0
20250819215945,2025-08-19,21:59:45,57.0,14.0
20250819215947,2025-08-19,21:59:47,57.0,14.0
20250819215949,2025-08-19,21:59:49,57.0,14.0
20250819215951,2025-08-19,21:59:51,57.0,14.0
20250819215953,2025-08-19,21:59:53,57.0,14.0
20250819215955,2025-08-19,21:59:55,57.0,14.0
20250819215957,2025-08-19,21:59:57,57.0,14.0
20250819215959,2025-08-19,21:59:59,57.0,14.0
20250819220001,2025-08-19,22:00:01,57.0,14.0
20250819220003,2025-08-19,22:00:03,57.0,14.0
20250819220005,2025-08-19,22:00:05,57.0,14.0
20250819220007,2025-08-19,22:00:07,57.0,14.0
20250819220009,2025-08-19,22:00:09,57.0,14.0
20250819220011,2025-08-19,22:00:11,57.0,14.0
20250819220013,2025-08-19,22:00:13,57.0,14.0
20250819220015,2025-08-19,22:00:15,57.0,14.0
20250819220017,2025-08-19,22:00:17,57.0,14.0
20250819220019,2025-08-19,22:00:19,57.0,14.0
20250819220021,2025-08-19,22:00:21,57.0,14.0
20250819220023,2025-08-19,22:00:23,57.0,14.0
20250819220025,2025-08-19,22:00:25,57.0,14.0
20250819220027,2025-08-19,22:00:27,57.0,14.0
20250819220029,2025-08-19,22:00:29,57.0,14.0
20250819220031,2025-08-19,22:00:31,57.0,14.0
20250819220033,2025-08-19,22:00:33,57.0,14.0
20250819220035,2025-08-19,22:00:35,57.0,14.0
20250819220037,2025-08-19,22:00:37,58.0,14.0
20250819220039,2025-08-19,22:00:39,57.0,14.0
20250819220041,2025-08-19,22:00:41,58.0,14.0
20250819220043,2025-08-19,22:00:43,58.0,14.0
20250819220045,2025-08-19,22:00:45,58.0,14.0
20250819220047,2025-08-19,22:00:47,58.0,14.0
20250819220049,2025-08-19,22:00:49,58.0,14.0
20250819220052,2025-08-19,22:00:52,58.0,14.0
20250819220054,2025-08-19,22:00:54,58.0,14.0
20250819220056,2025-08-19,22:00:56,58.0,14.0
20250819220058,2025-08-19,22:00:58,58.0,14.0
20250819220100,2025-08-19,22:01:00,58.0,14.0
20250819220102,2025-08-19,22:01:02,58.0,14.0
20250819220104,2025-08-19,22:01:04,58.0,14.0
20250819220106,2025-08-19,22:01:06,58.0,14.0
20250819220108,2025-08-19,22:01:08,58.0,14.0
20250819220110,2025-08-19,22:01:10,58.0,14.0
20250819220112,2025-08-19,22:01:12,58.0,14.0
20250819220114,2025-08-19,22:01:14,58.0,14.0
20250819220116,2025-08-19,22:01:16,57.0,14.0
20250819220118,2025-08-19,22:01:18,57.0,14.0
20250819220120,2025-08-19,22:01:20,57.0,14.0
20250819220122,2025-08-19,22:01:22,57.0,14.0
20250819220124,2025-08-19,22:01:24,57.0,14.0
20250819220126,2025-08-19,22:01:26,57.0,14.0
20250819220128,2025-08-19,22:01:28,57.0,14.0
20250819220130,2025-08-19,22:01:30,57.0,14.0
20250819220132,2025-08-19,22:01:32,57.0,14.0
20250819220134,2025-08-19,22:01:34,57.0,14.0
20250819220136,2025-08-19,22:01:36,57.0,14.0
20250819220138,2025-08-19,22:01:38,57.0,14.0
20250819220140,2025-08-19,22:01:40,57.0,14.0
20250819220142,2025-08-19,22:01:42,57.0,14.0
20250819220144,2025-08-19,22:01:44,57.0,14.0
20250819220146,2025-08-19,22:01:46,57.0,14.0
20250819220148,2025-08-19,22:01:48,57.0,14.0
20250819220150,2025-08-19,22:01:50,57.0,14.0
20250819220152,2025-08-19,22:01:52,57.0,14.0
20250819220154,2025-08-19,22:01:54,57.0,14.0
20250819220156,2025-08-19,22:01:56,58.0,14.0
20250819220158,2025-08-19,22:01:58,57.0,14.0
20250819220200,2025-08-19,22:02:00,58.0,14.0
20250819220202,2025-08-19,22:02:02,57.0,14.0
20250819220204,2025-08-19,22:02:04,57.0,14.0
20250819220206,2025-08-19,22:02:06,58.0,14.0
20250819220208,2025-08-19,22:02:08,57.0,14.0
20250819220210,2025-08-19,22:02:10,57.0,14.0
20250819220213,2025-08-19,22:02:13,57.0,14.0
20250819220215,2025-08-19,22:02:15,57.0,14.0
20250819220217,2025-08-19,22:02:17,57.0,14.0
20250819220219,2025-08-19,22:02:19,57.0,14.0
20250819220221,2025-08-19,22:02:21,57.0,14.0
20250819220223,2025-08-19,22:02:23,57.0,14.0
20250819220225,2025-08-19,22:02:25,57.0,14.0
20250819220227,2025-08-19,22:02:27,57.0,14.0
20250819220229,2025-08-19,22:02:29,57.0,14.0
20250819220231,2025-08-19,22:02:31,57.0,14.0
20250819220233,2025-08-19,22:02:33,57.0,14.0
20250819220235,2025-08-19,22:02:35,57.0,14.0
20250819220237,2025-08-19,22:02:37,57.0,14.0
20250819220239,2025-08-19,22:02:39,57.0,14.0
20250819220241,2025-08-19,22:02:41,57.0,14.0
20250819220243,2025-08-19,22:02:43,57.0,14.0
20250819220245,2025-08-19,22:02:45,57.0,14.0
20250819220247,2025-08-19,22:02:47,57.0,14.0
20250819220249,2025-08-19,22:02:49,57.0,14.0
20250819220251,2025-08-19,22:02:51,57.0,14.0
20250819220253,2025-08-19,22:02:53,57.0,14.0
20250819220255,2025-08-19,22:02:55,57.0,14.0
20250819220257,2025-08-19,22:02:57,57.0,14.0
20250819220259,2025-08-19,22:02:59,57.0,14.0
20250819220301,2025-08-19,22:03:01,57.0,14.0
20250819220303,2025-08-19,22:03:03,57.0,14.0
20250819220305,2025-08-19,22:03:05,57.0,14.0
20250819220307,2025-08-19,22:03:07,57.0,14.0
20250819220309,2025-08-19,22:03:09,57.0,14.0
20250819220311,2025-08-19,22:03:11,57.0,14.0
20250819220313,2025-08-19,22:03:13,57.0,14.0
20250819220315,2025-08-19,22:03:15,57.0,14.0
20250819220317,2025-08-19,22:03:17,57.0,14.0
20250819220319,2025-08-19,22:03:19,57.0,14.0
20250819220321,2025-08-19,22:03:21,57.0,14.0
20250819220323,2025-08-19,22:03:23,58.0,14.0
20250819220325,2025-08-19,22:03:25,57.0,14.0
20250819220327,2025-08-19,22:03:27,58.0,14.0
20250819220329,2025-08-19,22:03:29,58.0,14.0
20250819220332,2025-08-19,22:03:32,58.0,14.0
20250819220334,2025-08-19,22:03:34,58.0,14.0
20250819220336,2025-08-19,22:03:36,58.0,14.0
20250819220338,2025-08-19,22:03:38,58.0,14.0
20250819220340,2025-08-19,22:03:40,58.0,14.0
20250819220342,2025-08-19,22:03:42,58.0,14.0
20250819220344,2025-08-19,22:03:44,58.0,14.0
20250819220346,2025-08-19,22:03:46,58.0,14.0
20250819220348,2025-08-19,22:03:48,58.0,14.0
20250819220350,2025-08-19,22:03:50,58.0,14.0
20250819220352,2025-08-19,22:03:52,58.0,14.0
20250819220354,2025-08-19,22:03:54,58.0,14.0
20250819220356,2025-08-19,22:03:56,58.0,14.0
20250819220358,2025-08-19,22:03:58,58.0,14.0
20250819220400,2025-08-19,22:04:00,58.0,14.0
20250819220402,2025-08-19,22:04:02,58.0,14.0
20250819220404,2025-08-19,22:04:04,58.0,14.0
20250819220406,2025-08-19,22:04:06,58.0,14.0
20250819220408,2025-08-19,22:04:08,58.0,14.0
20250819220410,2025-08-19,22:04:10,58.0,14.0
20250819220412,2025-08-19,22:04:12,58.0,14.0
20250819220414,2025-08-19,22:04:14,58.0,14.0
20250819220416,2025-08-19,22:04:16,58.0,14.0
20250819220418,2025-08-19,22:04:18,58.0,14.0
20250819220420,2025-08-19,22:04:20,58.0,14.0
20250819220422,2025-08-19,22:04:22,58.0,14.0
20250819220424,2025-08-19,22:04:24,58.0,14.0
20250819220426,2025-08-19,22:04:26,58.0,14.0
20250819220428,2025-08-19,22:04:28,58.0,14.0
20250819220430,2025-08-19,22:04:30,58.0,14.0
20250819220432,2025-08-19,22:04:32,58.0,14.0
20250819220434,2025-08-19,22:04:34,58.0,14.0
20250819220436,2025-08-19,22:04:36,58.0,14.0
20250819220438,2025-08-19,22:04:38,58.0,14.0
20250819220440,2025-08-19,22:04:40,58.0,14.0
20250819220442,2025-08-19,22:04:42,58.0,14.0
20250819220444,2025-08-19,22:04:44,58.0,14.0
20250819220446,2025-08-19,22:04:46,58.0,14.0
20250819220448,2025-08-19,22:04:48,58.0,14.0
20250819220450,2025-08-19,22:04:50,58.0,14.0
20250819220452,2025-08-19,22:04:52,58.0,14.0
20250819220454,2025-08-19,22:04:54,58.0,14.0
20250819220457,2025-08-19,22:04:57,58.0,14.0
20250819220459,2025-08-19,22:04:59,58.0,14.0
20250819220501,2025-08-19,22:05:01,58.0,14.0
20250819220503,2025-08-19,22:05:03,58.0,14.0
20250819220505,2025-08-19,22:05:05,57.0,14.0
20250819220507,2025-08-19,22:05:07,57.0,14.0
20250819220509,2025-08-19,22:05:09,57.0,14.0
20250819220511,2025-08-19,22:05:11,57.0,14.0
20250819220513,2025-08-19,22:05:13,57.0,14.0
20250819220515,2025-08-19,22:05:15,57.0,14.0
20250819220517,2025-08-19,22:05:17,57.0,14.0
20250819220519,2025-08-19,22:05:19,57.0,14.0
20250819220521,2025-08-19,22:05:21,57.0,14.0
20250819220523,2025-08-19,22:05:23,57.0,14.0
20250819220525,2025-08-19,22:05:25,57.0,14.0
20250819220527,2025-08-19,22:05:27,57.0,14.0
20250819220529,2025-08-19,22:05:29,57.0,14.0
20250819220531,2025-08-19,22:05:31,57.0,14.0
20250819220533,2025-08-19,22:05:33,57.0,14.0
20250819220535,2025-08-19,22:05:35,57.0,14.0
20250819220537,2025-08-19,22:05:37,57.0,14.0
20250819220539,2025-08-19,22:05:39,57.0,14.0
20250819220541,2025-08-19,22:05:41,57.0,14.0
20250819220543,2025-08-19,22:05:43,58.0,14.0
20250819220545,2025-08-19,22:05:45,58.0,14.0
20250819220547,2025-08-19,22:05:47,58.0,14.0
20250819220549,2025-08-19,22:05:49,58.0,14.0
20250819220551,2025-08-19,22:05:51,58.0,14.0
20250819220553,2025-08-19,22:05:53,58.0,14.0
20250819220555,2025-08-19,22:05:55,58.0,14.0
20250819220557,2025-08-19,22:05:57,58.0,14.0
20250819220559,2025-08-19,22:05:59,58.0,14.0
20250819220601,2025-08-19,22:06:01,58.0,14.0
20250819220603,2025-08-19,22:06:03,58.0,14.0
20250819220605,2025-08-19,22:06:05,58.0,14.0
20250819220607,2025-08-19,22:06:07,58.0,14.0
20250819220609,2025-08-19,22:06:09,58.0,14.0
20250819220611,2025-08-19,22:06:11,58.0,14.0
20250819220613,2025-08-19,22:06:13,58.0,14.0
20250819220615,2025-08-19,22:06:15,58.0,14.0
20250819220618,2025-08-19,22:06:18,58.0,14.0
20250819220620,2025-08-19,22:06:20,58.0,14.0
20250819220622,2025-08-19,22:06:22,58.0,14.0
20250819220624,2025-08-19,22:06:24,58.0,14.0
20250819220626,2025-08-19,22:06:26,58.0,14.0
20250819220628,2025-08-19,22:06:28,58.0,14.0
20250819220630,2025-08-19,22:06:30,58.0,14.0
20250819220632,2025-08-19,22:06:32,58.0,14.0
20250819220634,2025-08-19,22:06:34,58.0,14.0
20250819220636,2025-08-19,22:06:36,58.0,14.0
20250819220638,2025-08-19,22:06:38,58.0,14.0
20250819220640,2025-08-19,22:06:40,58.0,14.0
20250819220642,2025-08-19,22:06:42,58.0,14.0
20250819220644,2025-08-19,22:06:44,58.0,14.0
20250819220646,2025-08-19,22:06:46,58.0,14.0
20250819220648,2025-08-19,22:06:48,58.0,14.0
20250819220650,2025-08-19,22:06:50,58.0,14.0
20250819220652,2025-08-19,22:06:52,58.0,14.0
20250819220654,2025-08-19,22:06:54,58.0,14.0
20250819220656,2025-08-19,22:06:56,58.0,14.0
20250819220658,2025-08-19,22:06:58,58.0,14.0
20250819220700,2025-08-19,22:07:00,58.0,14.0
20250819220702,2025-08-19,22:07:02,58.0,14.0
20250819220704,2025-08-19,22:07:04,58.0,14.0
20250819220706,2025-08-19,22:07:06,58.0,14.0
20250819220708,2025-08-19,22:07:08,58.0,14.0
20250819220710,2025-08-19,22:07:10,58.0,14.0
20250819220712,2025-08-19,22:07:12,58.0,14.0
20250819220714,2025-08-19,22:07:14,58.0,14.0
20250819220716,2025-08-19,22:07:16,58.0,14.0
20250819220718,2025-08-19,22:07:18,58.0,14.0
20250819220720,2025-08-19,22:07:20,58.0,14.0
20250819220722,2025-08-19,22:07:22,58.0,14.0
20250819220724,2025-08-19,22:07:24,58.0,14.0
20250819220726,2025-08-19,22:07:26,58.0,14.0
20250819220728,2025-08-19,22:07:28,58.0,14.0
20250819220730,2025-08-19,22:07:30,58.0,14.0
20250819220732,2025-08-19,22:07:32,58.0,14.0
20250819220734,2025-08-19,22:07:34,58.0,14.0
20250819220736,2025-08-19,22:07:36,58.0,14.0
20250819220739,2025-08-19,22:07:39,58.0,14.0
20250819220741,2025-08-19,22:07:41,58.0,14.0
20250819220743,2025-08-19,22:07:43,58.0,14.0
20250819220745,2025-08-19,22:07:45,58.0,14.0
20250819220747,2025-08-19,22:07:47,58.0,14.0
20250819220749,2025-08-19,22:07:49,58.0,14.0
20250819220751,2025-08-19,22:07:51,58.0,14.0
20250819220753,2025-08-19,22:07:53,58.0,14.0
20250819220755,2025-08-19,22:07:55,58.0,14.0
20250819220757,2025-08-19,22:07:57,58.0,14.0
20250819220759,2025-08-19,22:07:59,58.0,14.0
20250819220801,2025-08-19,22:08:01,58.0,14.0
20250819220803,2025-08-19,22:08:03,58.0,14.0
20250819220805,2025-08-19,22:08:05,58.0,14.0
20250819220807,2025-08-19,22:08:07,58.0,14.0
20250819220809,2025-08-19,22:08:09,58.0,14.0
20250819220811,2025-08-19,22:08:11,58.0,14.0
20250819220813,2025-08-19,22:08:13,58.0,14.0
20250819220815,2025-08-19,22:08:15,58.0,14.0
20250819220817,2025-08-19,22:08:17,58.0,14.0
20250819220819,2025-08-19,22:08:19,58.0,14.0
20250819220821,2025-08-19,22:08:21,58.0,14.0
20250819220823,2025-08-19,22:08:23,58.0,14.0
20250819220825,2025-08-19,22:08:25,58.0,14.0
20250819220827,2025-08-19,22:08:27,58.0,14.0
20250819220829,2025-08-19,22:08:29,58.0,14.0
20250819220831,2025-08-19,22:08:31,58.0,14.0
20250819220833,2025-08-19,22:08:33,58.0,14.0
20250819220835,2025-08-19,22:08:35,58.0,14.0
20250819220837,2025-08-19,22:08:37,58.0,14.0
20250819220839,2025-08-19,22:08:39,58.0,14.0
20250819220841,2025-08-19,22:08:41,58.0,14.0
20250819220843,2025-08-19,22:08:43,58.0,14.0
20250819220845,2025-08-19,22:08:45,58.0,14.0
20250819220847,2025-08-19,22:08:47,58.0,14.0
20250819220849,2025-08-19,22:08:49,58.0,14.0
20250819220851,2025-08-19,22:08:51,58.0,14.0
20250819220853,2025-08-19,22:08:53,58.0,14.0
20250819220855,2025-08-19,22:08:55,58.0,14.0
20250819220857,2025-08-19,22:08:57,58.0,14.0
20250819220900,2025-08-19,22:09:00,58.0,14.0
20250819220902,2025-08-19,22:09:02,58.0,14.0
20250819220904,2025-08-19,22:09:04,58.0,14.0
20250819220906,2025-08-19,22:09:06,58.0,14.0
20250819220908,2025-08-19,22:09:08,58.0,14.0
20250819220910,2025-08-19,22:09:10,58.0,14.0
20250819220912,2025-08-19,22:09:12,58.0,14.0
20250819220914,2025-08-19,22:09:14,58.0,14.0
20250819220916,2025-08-19,22:09:16,58.0,14.0
20250819220918,2025-08-19,22:09:18,58.0,14.0
20250819220920,2025-08-19,22:09:20,58.0,14.0
20250819220922,2025-08-19,22:09:22,58.0,14.0
20250819220924,2025-08-19,22:09:24,58.0,14.0
20250819220926,2025-08-19,22:09:26,58.0,14.0
20250819220928,2025-08-19,22:09:28,58.0,14.0
20250819220930,2025-08-19,22:09:30,58.0,14.0
20250819220932,2025-08-19,22:09:32,58.0,14.0
20250819220934,2025-08-19,22:09:34,58.0,14.0
20250819220936,2025-08-19,22:09:36,58.0,14.0
20250819220938,2025-08-19,22:09:38,58.0,14.0
20250819220940,2025-08-19,22:09:40,58.0,14.0
20250819220942,2025-08-19,22:09:42,58.0,14.0
20250819220944,2025-08-19,22:09:44,58.0,14.0
20250819220946,2025-08-19,22:09:46,58.0,14.0
20250819220948,2025-08-19,22:09:48,58.0,14.0
20250819220950,2025-08-19,22:09:50,58.0,14.0
20250819220952,2025-08-19,22:09:52,58.0,14.0
20250819220954,2025-08-19,22:09:54,58.0,14.0
20250819220956,2025-08-19,22:09:56,58.0,14.0
20250819220958,2025-08-19,22:09:58,58.0,14.0
20250819221000,2025-08-19,22:10:00,58.0,14.0
20250819221002,2025-08-19,22:10:02,58.0,14.0
20250819221004,2025-08-19,22:10:04,58.0,14.0
20250819221006,2025-08-19,22:10:06,58.0,14.0
20250819221008,2025-08-19,22:10:08,58.0,14.0
20250819221010,2025-08-19,22:10:10,58.0,14.0
20250819221012,2025-08-19,22:10:12,58.0,14.0
20250819221014,2025-08-19,22:10:14,58.0,14.0
20250819221016,2025-08-19,22:10:16,58.0,14.0
20250819221019,2025-08-19,22:10:19,58.0,14.0
20250819221021,2025-08-19,22:10:21,58.0,14.0
20250819221023,2025-08-19,22:10:23,58.0,14.0
20250819221025,2025-08-19,22:10:25,58.0,14.0
20250819221027,2025-08-19,22:10:27,58.0,14.0
20250819221029,2025-08-19,22:10:29,58.0,14.0
20250819221031,2025-08-19,22:10:31,58.0,14.0
20250819221033,2025-08-19,22:10:33,58.0,14.0
20250819221035,2025-08-19,22:10:35,58.0,14.0
20250819221037,2025-08-19,22:10:37,58.0,14.0
20250819221039,2025-08-19,22:10:39,58.0,14.0
20250819221041,2025-08-19,22:10:41,58.0,14.0
20250819221043,2025-08-19,22:10:43,58.0,14.0
20250819221045,2025-08-19,22:10:45,58.0,14.0
20250819221047,2025-08-19,22:10:47,58.0,14.0
20250819221049,2025-08-19,22:10:49,58.0,14.0
20250819221051,2025-08-19,22:10:51,58.0,14.0
20250819221053,2025-08-19,22:10:53,58.0,14.0
20250819221055,2025-08-19,22:10:55,58.0,14.0
20250819221057,2025-08-19,22:10:57,58.0,14.0
20250819221059,2025-08-19,22:10:59,58.0,14.0
20250819221101,2025-08-19,22:11:01,58.0,14.0
20250819221103,2025-08-19,22:11:03,58.0,14.0
20250819221105,2025-08-19,22:11:05,58.0,14.0
20250819221107,2025-08-19,22:11:07,58.0,14.0
20250819221109,2025-08-19,22:11:09,58.0,14.0
20250819221111,2025-08-19,22:11:11,58.0,14.0
20250819221113,2025-08-19,22:11:13,58.0,14.0
20250819221115,2025-08-19,22:11:15,58.0,14.0
20250819221117,2025-08-19,22:11:17,58.0,14.0
20250819221119,2025-08-19,22:11:19,58.0,14.0
20250819221121,2025-08-19,22:11:21,58.0,14.0
20250819221123,2025-08-19,22:11:23,58.0,14.0
20250819221125,2025-08-19,22:11:25,58.0,14.0
20250819221127,2025-08-19,22:11:27,58.0,14.0
20250819221129,2025-08-19,22:11:29,58.0,14.0
20250819221131,2025-08-19,22:11:31,58.0,14.0
20250819221133,2025-08-19,22:11:33,58.0,14.0
20250819221135,2025-08-19,22:11:35,58.0,14.0
20250819221137,2025-08-19,22:11:37,58.0,14.0
20250819221140,2025-08-19,22:11:40,58.0,14.0
20250819221142,2025-08-19,22:11:42,58.0,14.0
20250819221144,2025-08-19,22:11:44,58.0,14.0
20250819221146,2025-08-19,22:11:46,58.0,14.0
20250819221148,2025-08-19,22:11:48,58.0,14.0
20250819221150,2025-08-19,22:11:50,58.0,14.0
20250819221152,2025-08-19,22:11:52,58.0,14.0
20250819221154,2025-08-19,22:11:54,58.0,14.0
20250819221156,2025-08-19,22:11:56,58.0,14.0
20250819221158,2025-08-19,22:11:58,58.0,14.0
20250819221200,2025-08-19,22:12:00,58.0,14.0
20250819221202,2025-08-19,22:12:02,58.0,14.0
20250819221204,2025-08-19,22:12:04,58.0,14.0
20250819221206,2025-08-19,22:12:06,58.0,14.0
20250819221208,2025-08-19,22:12:08,58.0,14.0
20250819221210,2025-08-19,22:12:10,58.0,14.0
20250819221212,2025-08-19,22:12:12,58.0,14.0
20250819221214,2025-08-19,22:12:14,58.0,14.0
20250819221216,2025-08-19,22:12:16,58.0,14.0
20250819221218,2025-08-19,22:12:18,58.0,14.0
20250819221220,2025-08-19,22:12:20,58.0,14.0
20250819221222,2025-08-19,22:12:22,58.0,14.0
20250819221224,2025-08-19,22:12:24,58.0,14.0
20250819221226,2025-08-19,22:12:26,58.0,14.0
20250819221228,2025-08-19,22:12:28,58.0,14.0
20250819221230,2025-08-19,22:12:30,58.0,14.0
20250819221232,2025-08-19,22:12:32,58.0,14.0
20250819221234,2025-08-19,22:12:34,58.0,14.0
20250819221236,2025-08-19,22:12:36,58.0,14.0
20250819221238,2025-08-19,22:12:38,58.0,14.0
20250819221240,2025-08-19,22:12:40,58.0,14.0
20250819221242,2025-08-19,22:12:42,58.0,14.0
20250819221244,2025-08-19,22:12:44,58.0,14.0
20250819221246,2025-08-19,22:12:46,58.0,14.0
20250819221248,2025-08-19,22:12:48,58.0,14.0
20250819221250,2025-08-19,22:12:50,58.0,15.0
20250819221252,2025-08-19,22:12:52,58.0,14.0
20250819221254,2025-08-19,22:12:54,58.0,14.0
20250819221256,2025-08-19,22:12:56,58.0,14.0
20250819221258,2025-08-19,22:12:58,58.0,14.0
20250819221301,2025-08-19,22:13:01,58.0,14.0
20250819221303,2025-08-19,22:13:03,58.0,14.0
20250819221305,2025-08-19,22:13:05,58.0,14.0
20250819221307,2025-08-19,22:13:07,58.0,14.0
20250819221309,2025-08-19,22:13:09,58.0,14.0
20250819221311,2025-08-19,22:13:11,58.0,14.0
20250819221313,2025-08-19,22:13:13,58.0,14.0
20250819221315,2025-08-19,22:13:15,58.0,14.0
20250819221317,2025-08-19,22:13:17,58.0,14.0
20250819221319,2025-08-19,22:13:19,58.0,14.0
20250819221321,2025-08-19,22:13:21,58.0,14.0
20250819221323,2025-08-19,22:13:23,58.0,14.0
20250819221325,2025-08-19,22:13:25,58.0,14.0
20250819221327,2025-08-19,22:13:27,58.0,14.0
20250819221329,2025-08-19,22:13:29,58.0,14.0
20250819221331,2025-08-19,22:13:31,58.0,14.0
20250819221333,2025-08-19,22:13:33,58.0,14.0
20250819221335,2025-08-19,22:13:35,58.0,14.0
20250819221337,2025-08-19,22:13:37,58.0,15.0
20250819221339,2025-08-19,22:13:39,58.0,14.0
20250819221341,2025-08-19,22:13:41,58.0,14.0
20250819221343,2025-08-19,22:13:43,58.0,14.0
20250819221345,2025-08-19,22:13:45,58.0,14.0
20250819221347,2025-08-19,22:13:47,58.0,14.0
20250819221349,2025-08-19,22:13:49,58.0,14.0
20250819221351,2025-08-19,22:13:51,58.0,14.0
20250819221353,2025-08-19,22:13:53,58.0,15.0
20250819221355,2025-08-19,22:13:55,58.0,14.0
20250819221357,2025-08-19,22:13:57,58.0,14.0
20250819221359,2025-08-19,22:13:59,58.0,14.0
20250819221401,2025-08-19,22:14:01,58.0,14.0
20250819221403,2025-08-19,22:14:03,58.0,14.0
20250819221405,2025-08-19,22:14:05,58.0,14.0
20250819221407,2025-08-19,22:14:07,58.0,14.0
20250819221409,2025-08-19,22:14:09,58.0,14.0
20250819221411,2025-08-19,22:14:11,58.0,14.0
20250819221413,2025-08-19,22:14:13,58.0,14.0
20250819221415,2025-08-19,22:14:15,58.0,14.0
20250819221417,2025-08-19,22:14:17,58.0,14.0
20250819221420,2025-08-19,22:14:20,58.0,14.0
20250819221422,2025-08-19,22:14:22,58.0,14.0
20250819221424,2025-08-19,22:14:24,58.0,14.0
20250819221426,2025-08-19,22:14:26,58.0,14.0
20250819221428,2025-08-19,22:14:28,58.0,14.0
20250819221430,2025-08-19,22:14:30,58.0,14.0
20250819221432,2025-08-19,22:14:32,58.0,14.0
20250819221434,2025-08-19,22:14:34,58.0,14.0
20250819221436,2025-08-19,22:14:36,58.0,14.0
20250819221438,2025-08-19,22:14:38,58.0,14.0
20250819221440,2025-08-19,22:14:40,58.0,14.0
20250819221442,2025-08-19,22:14:42,58.0,14.0
20250819221444,2025-08-19,22:14:44,58.0,14.0
20250819221446,2025-08-19,22:14:46,58.0,14.0
20250819221448,2025-08-19,22:14:48,58.0,14.0
20250819221450,2025-08-19,22:14:50,58.0,14.0
20250819221452,2025-08-19,22:14:52,58.0,14.0
20250819221454,2025-08-19,22:14:54,58.0,14.0
20250819221456,2025-08-19,22:14:56,58.0,14.0
20250819221458,2025-08-19,22:14:58,58.0,14.0
20250819221500,2025-08-19,22:15:00,58.0,14.0
20250819221502,2025-08-19,22:15:02,58.0,14.0
20250819221504,2025-08-19,22:15:04,59.0,14.0
20250819221506,2025-08-19,22:15:06,58.0,14.0
20250819221508,2025-08-19,22:15:08,58.0,14.0
20250819221510,2025-08-19,22:15:10,58.0,14.0
20250819221512,2025-08-19,22:15:12,58.0,14.0
20250819221514,2025-08-19,22:15:14,59.0,14.0
20250819221516,2025-08-19,22:15:16,58.0,14.0
20250819221518,2025-08-19,22:15:18,59.0,14.0
20250819221520,2025-08-19,22:15:20,58.0,14.0
20250819221522,2025-08-19,22:15:22,59.0,14.0
20250819221524,2025-08-19,22:15:24,59.0,14.0
20250819221526,2025-08-19,22:15:26,59.0,14.0
20250819221528,2025-08-19,22:15:28,58.0,14.0
20250819221530,2025-08-19,22:15:30,58.0,14.0
20250819221532,2025-08-19,22:15:32,58.0,14.0
20250819221534,2025-08-19,22:15:34,58.0,14.0
20250819221536,2025-08-19,22:15:36,58.0,14.0
20250819221538,2025-08-19,22:15:38,59.0,14.0
20250819221541,2025-08-19,22:15:41,58.0,14.0
20250819221543,2025-08-19,22:15:43,58.0,14.0
20250819221545,2025-08-19,22:15:45,58.0,14.0
20250819221547,2025-08-19,22:15:47,58.0,14.0
20250819221549,2025-08-19,22:15:49,58.0,14.0
20250819221551,2025-08-19,22:15:51,59.0,14.0
20250819221553,2025-08-19,22:15:53,58.0,14.0
20250819221555,2025-08-19,22:15:55,58.0,14.0
20250819221557,2025-08-19,22:15:57,58.0,14.0
20250819221559,2025-08-19,22:15:59,58.0,14.0
20250819221601,2025-08-19,22:16:01,58.0,14.0
20250819221603,2025-08-19,22:16:03,58.0,14.0
20250819221605,2025-08-19,22:16:05,58.0,14.0
20250819221607,2025-08-19,22:16:07,59.0,14.0
20250819221609,2025-08-19,22:16:09,58.0,14.0
20250819221611,2025-08-19,22:16:11,58.0,14.0
20250819221613,2025-08-19,22:16:13,59.0,14.0
20250819221615,2025-08-19,22:16:15,59.0,14.0
20250819221617,2025-08-19,22:16:17,59.0,14.0
20250819221619,2025-08-19,22:16:19,59.0,14.0
20250819221621,2025-08-19,22:16:21,59.0,14.0
20250819221623,2025-08-19,22:16:23,59.0,14.0
20250819221625,2025-08-19,22:16:25,59.0,14.0
20250819221627,2025-08-19,22:16:27,59.0,14.0
20250819221629,2025-08-19,22:16:29,59.0,14.0
20250819221631,2025-08-19,22:16:31,59.0,14.0
20250819221633,2025-08-19,22:16:33,59.0,14.0
20250819221635,2025-08-19,22:16:35,59.0,14.0
20250819221637,2025-08-19,22:16:37,59.0,14.0
20250819221639,2025-08-19,22:16:39,59.0,14.0
20250819221641,2025-08-19,22:16:41,58.0,14.0
20250819221643,2025-08-19,22:16:43,59.0,14.0
20250819221645,2025-08-19,22:16:45,59.0,14.0
20250819221647,2025-08-19,22:16:47,59.0,14.0
20250819221649,2025-08-19,22:16:49,58.0,14.0
20250819221651,2025-08-19,22:16:51,58.0,14.0
20250819221653,2025-08-19,22:16:53,59.0,14.0
20250819221655,2025-08-19,22:16:55,59.0,14.0
20250819221657,2025-08-19,22:16:57,59.0,14.0
20250819221659,2025-08-19,22:16:59,59.0,14.0
20250819221702,2025-08-19,22:17:02,59.0,14.0
20250819221704,2025-08-19,22:17:04,59.0,14.0
20250819221706,2025-08-19,22:17:06,59.0,14.0
20250819221708,2025-08-19,22:17:08,59.0,14.0
20250819221710,2025-08-19,22:17:10,59.0,14.0
20250819221712,2025-08-19,22:17:12,59.0,14.0
20250819221714,2025-08-19,22:17:14,59.0,14.0
20250819221716,2025-08-19,22:17:16,59.0,14.0
20250819221718,2025-08-19,22:17:18,59.0,14.0
20250819221720,2025-08-19,22:17:20,59.0,14.0
20250819221722,2025-08-19,22:17:22,59.0,14.0
20250819221724,2025-08-19,22:17:24,59.0,14.0
20250819221726,2025-08-19,22:17:26,59.0,14.0
20250819221728,2025-08-19,22:17:28,59.0,14.0
20250819221730,2025-08-19,22:17:30,59.0,14.0
20250819221732,2025-08-19,22:17:32,59.0,14.0
20250819221734,2025-08-19,22:17:34,59.0,14.0
20250819221736,2025-08-19,22:17:36,59.0,14.0
20250819221738,2025-08-19,22:17:38,59.0,14.0
20250819221740,2025-08-19,22:17:40,59.0,14.0
20250819221742,2025-08-19,22:17:42,59.0,14.0
20250819221744,2025-08-19,22:17:44,59.0,14.0
20250819221746,2025-08-19,22:17:46,59.0,14.0
20250819221748,2025-08-19,22:17:48,59.0,14.0
20250819221750,2025-08-19,22:17:50,59.0,14.0
20250819221752,2025-08-19,22:17:52,59.0,14.0
20250819221754,2025-08-19,22:17:54,59.0,14.0
20250819221756,2025-08-19,22:17:56,59.0,14.0
20250819221758,2025-08-19,22:17:58,58.0,14.0
20250819221800,2025-08-19,22:18:00,59.0,14.0
20250819221802,2025-08-19,22:18:02,59.0,14.0
20250819221804,2025-08-19,22:18:04,59.0,14.0
20250819221806,2025-08-19,22:18:06,58.0,14.0
20250819221808,2025-08-19,22:18:08,58.0,14.0
20250819221810,2025-08-19,22:18:10,58.0,14.0
20250819221818,2025-08-19,22:18:18,59.0,14.0
20250819221821,2025-08-19,22:18:21,58.0,14.0
20250819221823,2025-08-19,22:18:23,58.0,14.0
20250819221825,2025-08-19,22:18:25,58.0,14.0
20250819222802,2025-08-19,22:28:02,59.0,14.0
20250819222804,2025-08-19,22:28:04,58.0,14.0
20250819222806,2025-08-19,22:28:06,58.0,14.0
20250819222808,2025-08-19,22:28:08,58.0,14.0
20250819222810,2025-08-19,22:28:10,58.0,14.0
20250819222812,2025-08-19,22:28:12,58.0,14.0
20250819222814,2025-08-19,22:28:14,58.0,14.0
20250819222816,2025-08-19,22:28:16,58.0,14.0
20250819222818,2025-08-19,22:28:18,58.0,14.0
20250819222820,2025-08-19,22:28:20,58.0,14.0
20250819222822,2025-08-19,22:28:22,58.0,14.0
20250819222824,2025-08-19,22:28:24,58.0,14.0
